ID,P01,P02,P03,P04,P05,P06,P07,P08,P09,P10,P11,P12,P13,P14,P15,P16,P17,P18,P19,P20,P21,P22,P23,P24,P25,P26,P27,P28,P29,P30
4,V_1-4,V_2-4,V_3-4,V_4-4,V_5-4,V_6-4,V_7-4,V_8-4,V_9-4,V_10-4,V_11-4,V_12-4,V_13-4,V_14-4,V_15-4,V_16-4,V_17-4,V_18-4,V_19-4,V_20-4,V_21-4,V_22-4,V_23-4,V_24-4,V_25-4,V_26-4,V_27-4,V_28-4,V_29-4,V_30-4
5,V_1-5,V_2-5,V_3-5,V_4-5,V_5-5,V_6-5,V_7-5,V_8-5,V_9-5,V_10-5,V_11-5,V_12-5,V_13-5,V_14-5,V_15-5,V_16-5,V_17-5,V_18-5,V_19-5,V_20-5,V_21-5,V_22-5,V_23-5,V_24-5,V_25-5,V_26-5,V_27-5,V_28-5,V_29-5,V_30-5
6,V_1-6,V_2-6,V_3-6,V_4-6,V_5-6,V_6-6,V_7-6,V_8-6,V_9-6,V_10-6,V_11-6,V_12-6,V_13-6,V_14-6,V_15-6,V_16-6,V_17-6,V_18-6,V_19-6,V_20-6,V_21-6,V_22-6,V_23-6,V_24-6,V_25-6,V_26-6,V_27-6,V_28-6,V_29-6,V_30-6
7,V_1-7,V_2-7,V_3-7,V_4-7,V_5-7,V_6-7,V_7-7,V_8-7,V_9-7,V_10-7,V_11-7,V_12-7,V_13-7,V_14-7,V_15-7,V_16-7,V_17-7,V_18-7,V_19-7,V_20-7,V_21-7,V_22-7,V_23-7,V_24-7,V_25-7,V_26-7,V_27-7,V_28-7,V_29-7,V_30-7
8,V_1-8,V_2-8,V_3-8,V_4-8,V_5-8,V_6-8,V_7-8,V_8-8,V_9-8,V_10-8,V_11-8,V_12-8,V_13-8,V_14-8,V_15-8,V_16-8,V_17-8,V_18-8,V_19-8,V_20-8,V_21-8,V_22-8,V_23-8,V_24-8,V_25-8,V_26-8,V_27-8,V_28-8,V_29-8,V_30-8
9,V_1-9,V_2-9,V_3-9,V_4-9,V_5-9,V_6-9,V_7-9,V_8-9,V_9-9,V_10-9,V_11-9,V_12-9,V_13-9,V_14-9,V_15-9,V_16-9,V_17-9,V_18-9,V_19-9,V_20-9,V_21-9,V_22-9,V_23-9,V_24-9,V_25-9,V_26-9,V_27-9,V_28-9,V_29-9,V_30-9
10,V_1-10,V_2-10,V_3-10,V_4-10,V_5-10,V_6-10,V_7-10,V_8-10,V_9-10,V_10-10,V_11-10,V_12-10,V_13-10,V_14-10,V_15-10,V_16-10,V_17-10,V_18-10,V_19-10,V_20-10,V_21-10,V_22-10,V_23-10,V_24-10,V_25-10,V_26-10,V_27-10,V_28-10,V_29-10,V_30-10
11,V_1-11,V_2-11,V_3-11,V_4-11,V_5-11,V_6-11,V_7-11,V_8-11,V_9-11,V_10-11,V_11-11,V_12-11,V_13-11,V_14-11,V_15-11,V_16-11,V_17-11,V_18-11,V_19-11,V_20-11,V_21-11,V_22-11,V_23-11,V_24-11,V_25-11,V_26-11,V_27-11,V_28-11,V_29-11,V_30-11
12,V_1-12,V_2-12,V_3-12,V_4-12,V_5-12,V_6-12,V_7-12,V_8-12,V_9-12,V_10-12,V_11-12,V_12-12,V_13-12,V_14-12,V_15-12,V_16-12,V_17-12,V_18-12,V_19-12,V_20-12,V_21-12,V_22-12,V_23-12,V_24-12,V_25-12,V_26-12,V_27-12,V_28-12,V_29-12,V_30-12
13,V_1-13,V_2-13,V_3-13,V_4-13,V_5-13,V_6-13,V_7-13,V_8-13,V_9-13,V_10-13,V_11-13,V_12-13,V_13-13,V_14-13,V_15-13,V_16-13,V_17-13,V_18-13,V_19-13,V_20-13,V_21-13,V_22-13,V_23-13,V_24-13,V_25-13,V_26-13,V_27-13,V_28-13,V_29-13,V_30-13
14,V_1-14,V_2-14,V_3-14,V_4-14,V_5-14,V_6-14,V_7-14,V_8-14,V_9-14,V_10-14,V_11-14,V_12-14,V_13-14,V_14-14,V_15-14,V_16-14,V_17-14,V_18-14,V_19-14,V_20-14,V_21-14,V_22-14,V_23-14,V_24-14,V_25-14,V_26-14,V_27-14,V_28-14,V_29-14,V_30-14
15,V_1-15,V_2-15,V_3-15,V_4-15,V_5-15,V_6-15,V_7-15,V_8-15,V_9-15,V_10-15,V_11-15,V_12-15,V_13-15,V_14-15,V_15-15,V_16-15,V_17-15,V_18-15,V_19-15,V_20-15,V_21-15,V_22-15,V_23-15,V_24-15,V_25-15,V_26-15,V_27-15,V_28-15,V_29-15,V_30-15
16,V_1-16,V_2-16,V_3-16,V_4-16,V_5-16,V_6-16,V_7-16,V_8-16,V_9-16,V_10-16,V_11-16,V_12-16,V_13-16,V_14-16,V_15-16,V_16-16,V_17-16,V_18-16,V_19-16,V_20-16,V_21-16,V_22-16,V_23-16,V_24-16,V_25-16,V_26-16,V_27-16,V_28-16,V_29-16,V_30-16
17,V_1-17,V_2-17,V_3-17,V_4-17,V_5-17,V_6-17,V_7-17,V_8-17,V_9-17,V_10-17,V_11-17,V_12-17,V_13-17,V_14-17,V_15-17,V_16-17,V_17-17,V_18-17,V_19-17,V_20-17,V_21-17,V_22-17,V_23-17,V_24-17,V_25-17,V_26-17,V_27-17,V_28-17,V_29-17,V_30-17
18,V_1-18,V_2-18,V_3-18,V_4-18,V_5-18,V_6-18,V_7-18,V_8-18,V_9-18,V_10-18,V_11-18,V_12-18,V_13-18,V_14-18,V_15-18,V_16-18,V_17-18,V_18-18,V_19-18,V_20-18,V_21-18,V_22-18,V_23-18,V_24-18,V_25-18,V_26-18,V_27-18,V_28-18,V_29-18,V_30-18
19,V_1-19,V_2-19,V_3-19,V_4-19,V_5-19,V_6-19,V_7-19,V_8-19,V_9-19,V_10-19,V_11-19,V_12-19,V_13-19,V_14-19,V_15-19,V_16-19,V_17-19,V_18-19,V_19-19,V_20-19,V_21-19,V_22-19,V_23-19,V_24-19,V_25-19,V_26-19,V_27-19,V_28-19,V_29-19,V_30-19
20,V_1-20,V_2-20,V_3-20,V_4-20,V_5-20,V_6-20,V_7-20,V_8-20,V_9-20,V_10-20,V_11-20,V_12-20,V_13-20,V_14-20,V_15-20,V_16-20,V_17-20,V_18-20,V_19-20,V_20-20,V_21-20,V_22-20,V_23-20,V_24-20,V_25-20,V_26-20,V_27-20,V_28-20,V_29-20,V_30-20
21,V_1-21,V_2-21,V_3-21,V_4-21,V_5-21,V_6-21,V_7-21,V_8-21,V_9-21,V_10-21,V_11-21,V_12-21,V_13-21,V_14-21,V_15-21,V_16-21,V_17-21,V_18-21,V_19-21,V_20-21,V_21-21,V_22-21,V_23-21,V_24-21,V_25-21,V_26-21,V_27-21,V_28-21,V_29-21,V_30-21
22,V_1-22,V_2-22,V_3-22,V_4-22,V_5-22,V_6-22,V_7-22,V_8-22,V_9-22,V_10-22,V_11-22,V_12-22,V_13-22,V_14-22,V_15-22,V_16-22,V_17-22,V_18-22,V_19-22,V_20-22,V_21-22,V_22-22,V_23-22,V_24-22,V_25-22,V_26-22,V_27-22,V_28-22,V_29-22,V_30-22
23,V_1-23,V_2-23,V_3-23,V_4-23,V_5-23,V_6-23,V_7-23,V_8-23,V_9-23,V_10-23,V_11-23,V_12-23,V_13-23,V_14-23,V_15-23,V_16-23,V_17-23,V_18-23,V_19-23,V_20-23,V_21-23,V_22-23,V_23-23,V_24-23,V_25-23,V_26-23,V_27-23,V_28-23,V_29-23,V_30-23
24,V_1-24,V_2-24,V_3-24,V_4-24,V_5-24,V_6-24,V_7-24,V_8-24,V_9-24,V_10-24,V_11-24,V_12-24,V_13-24,V_14-24,V_15-24,V_16-24,V_17-24,V_18-24,V_19-24,V_20-24,V_21-24,V_22-24,V_23-24,V_24-24,V_25-24,V_26-24,V_27-24,V_28-24,V_29-24,V_30-24
25,V_1-25,V_2-25,V_3-25,V_4-25,V_5-25,V_6-25,V_7-25,V_8-25,V_9-25,V_10-25,V_11-25,V_12-25,V_13-25,V_14-25,V_15-25,V_16-25,V_17-25,V_18-25,V_19-25,V_20-25,V_21-25,V_22-25,V_23-25,V_24-25,V_25-25,V_26-25,V_27-25,V_28-25,V_29-25,V_30-25
26,V_1-26,V_2-26,V_3-26,V_4-26,V_5-26,V_6-26,V_7-26,V_8-26,V_9-26,V_10-26,V_11-26,V_12-26,V_13-26,V_14-26,V_15-26,V_16-26,V_17-26,V_18-26,V_19-26,V_20-26,V_21-26,V_22-26,V_23-26,V_24-26,V_25-26,V_26-26,V_27-26,V_28-26,V_29-26,V_30-26
27,V_1-27,V_2-27,V_3-27,V_4-27,V_5-27,V_6-27,V_7-27,V_8-27,V_9-27,V_10-27,V_11-27,V_12-27,V_13-27,V_14-27,V_15-27,V_16-27,V_17-27,V_18-27,V_19-27,V_20-27,V_21-27,V_22-27,V_23-27,V_24-27,V_25-27,V_26-27,V_27-27,V_28-27,V_29-27,V_30-27
28,V_1-28,V_2-28,V_3-28,V_4-28,V_5-28,V_6-28,V_7-28,V_8-28,V_9-28,V_10-28,V_11-28,V_12-28,V_13-28,V_14-28,V_15-28,V_16-28,V_17-28,V_18-28,V_19-28,V_20-28,V_21-28,V_22-28,V_23-28,V_24-28,V_25-28,V_26-28,V_27-28,V_28-28,V_29-28,V_30-28
29,V_1-29,V_2-29,V_3-29,V_4-29,V_5-29,V_6-29,V_7-29,V_8-29,V_9-29,V_10-29,V_11-29,V_12-29,V_13-29,V_14-29,V_15-29,V_16-29,V_17-29,V_18-29,V_19-29,V_20-29,V_21-29,V_22-29,V_23-29,V_24-29,V_25-29,V_26-29,V_27-29,V_28-29,V_29-29,V_30-29
30,V_1-30,V_2-30,V_3-30,V_4-30,V_5-30,V_6-30,V_7-30,V_8-30,V_9-30,V_10-30,V_11-30,V_12-30,V_13-30,V_14-30,V_15-30,V_16-30,V_17-30,V_18-30,V_19-30,V_20-30,V_21-30,V_22-30,V_23-30,V_24-30,V_25-30,V_26-30,V_27-30,V_28-30,V_29-30,V_30-30
31,V_1-31,V_2-31,V_3-31,V_4-31,V_5-31,V_6-31,V_7-31,V_8-31,V_9-31,V_10-31,V_11-31,V_12-31,V_13-31,V_14-31,V_15-31,V_16-31,V_17-31,V_18-31,V_19-31,V_20-31,V_21-31,V_22-31,V_23-31,V_24-31,V_25-31,V_26-31,V_27-31,V_28-31,V_29-31,V_30-31
32,V_1-32,V_2-32,V_3-32,V_4-32,V_5-32,V_6-32,V_7-32,V_8-32,V_9-32,V_10-32,V_11-32,V_12-32,V_13-32,V_14-32,V_15-32,V_16-32,V_17-32,V_18-32,V_19-32,V_20-32,V_21-32,V_22-32,V_23-32,V_24-32,V_25-32,V_26-32,V_27-32,V_28-32,V_29-32,V_30-32
33,V_1-33,V_2-33,V_3-33,V_4-33,V_5-33,V_6-33,V_7-33,V_8-33,V_9-33,V_10-33,V_11-33,V_12-33,V_13-33,V_14-33,V_15-33,V_16-33,V_17-33,V_18-33,V_19-33,V_20-33,V_21-33,V_22-33,V_23-33,V_24-33,V_25-33,V_26-33,V_27-33,V_28-33,V_29-33,V_30-33
34,V_1-34,V_2-34,V_3-34,V_4-34,V_5-34,V_6-34,V_7-34,V_8-34,V_9-34,V_10-34,V_11-34,V_12-34,V_13-34,V_14-34,V_15-34,V_16-34,V_17-34,V_18-34,V_19-34,V_20-34,V_21-34,V_22-34,V_23-34,V_24-34,V_25-34,V_26-34,V_27-34,V_28-34,V_29-34,V_30-34
35,V_1-35,V_2-35,V_3-35,V_4-35,V_5-35,V_6-35,V_7-35,V_8-35,V_9-35,V_10-35,V_11-35,V_12-35,V_13-35,V_14-35,V_15-35,V_16-35,V_17-35,V_18-35,V_19-35,V_20-35,V_21-35,V_22-35,V_23-35,V_24-35,V_25-35,V_26-35,V_27-35,V_28-35,V_29-35,V_30-35
36,V_1-36,V_2-36,V_3-36,V_4-36,V_5-36,V_6-36,V_7-36,V_8-36,V_9-36,V_10-36,V_11-36,V_12-36,V_13-36,V_14-36,V_15-36,V_16-36,V_17-36,V_18-36,V_19-36,V_20-36,V_21-36,V_22-36,V_23-36,V_24-36,V_25-36,V_26-36,V_27-36,V_28-36,V_29-36,V_30-36
37,V_1-37,V_2-37,V_3-37,V_4-37,V_5-37,V_6-37,V_7-37,V_8-37,V_9-37,V_10-37,V_11-37,V_12-37,V_13-37,V_14-37,V_15-37,V_16-37,V_17-37,V_18-37,V_19-37,V_20-37,V_21-37,V_22-37,V_23-37,V_24-37,V_25-37,V_26-37,V_27-37,V_28-37,V_29-37,V_30-37
38,V_1-38,V_2-38,V_3-38,V_4-38,V_5-38,V_6-38,V_7-38,V_8-38,V_9-38,V_10-38,V_11-38,V_12-38,V_13-38,V_14-38,V_15-38,V_16-38,V_17-38,V_18-38,V_19-38,V_20-38,V_21-38,V_22-38,V_23-38,V_24-38,V_25-38,V_26-38,V_27-38,V_28-38,V_29-38,V_30-38
39,V_1-39,V_2-39,V_3-39,V_4-39,V_5-39,V_6-39,V_7-39,V_8-39,V_9-39,V_10-39,V_11-39,V_12-39,V_13-39,V_14-39,V_15-39,V_16-39,V_17-39,V_18-39,V_19-39,V_20-39,V_21-39,V_22-39,V_23-39,V_24-39,V_25-39,V_26-39,V_27-39,V_28-39,V_29-39,V_30-39
40,V_1-40,V_2-40,V_3-40,V_4-40,V_5-40,V_6-40,V_7-40,V_8-40,V_9-40,V_10-40,V_11-40,V_12-40,V_13-40,V_14-40,V_15-40,V_16-40,V_17-40,V_18-40,V_19-40,V_20-40,V_21-40,V_22-40,V_23-40,V_24-40,V_25-40,V_26-40,V_27-40,V_28-40,V_29-40,V_30-40
41,V_1-41,V_2-41,V_3-41,V_4-41,V_5-41,V_6-41,V_7-41,V_8-41,V_9-41,V_10-41,V_11-41,V_12-41,V_13-41,V_14-41,V_15-41,V_16-41,V_17-41,V_18-41,V_19-41,V_20-41,V_21-41,V_22-41,V_23-41,V_24-41,V_25-41,V_26-41,V_27-41,V_28-41,V_29-41,V_30-41
42,V_1-42,V_2-42,V_3-42,V_4-42,V_5-42,V_6-42,V_7-42,V_8-42,V_9-42,V_10-42,V_11-42,V_12-42,V_13-42,V_14-42,V_15-42,V_16-42,V_17-42,V_18-42,V_19-42,V_20-42,V_21-42,V_22-42,V_23-42,V_24-42,V_25-42,V_26-42,V_27-42,V_28-42,V_29-42,V_30-42
43,V_1-43,V_2-43,V_3-43,V_4-43,V_5-43,V_6-43,V_7-43,V_8-43,V_9-43,V_10-43,V_11-43,V_12-43,V_13-43,V_14-43,V_15-43,V_16-43,V_17-43,V_18-43,V_19-43,V_20-43,V_21-43,V_22-43,V_23-43,V_24-43,V_25-43,V_26-43,V_27-43,V_28-43,V_29-43,V_30-43
44,V_1-44,V_2-44,V_3-44,V_4-44,V_5-44,V_6-44,V_7-44,V_8-44,V_9-44,V_10-44,V_11-44,V_12-44,V_13-44,V_14-44,V_15-44,V_16-44,V_17-44,V_18-44,V_19-44,V_20-44,V_21-44,V_22-44,V_23-44,V_24-44,V_25-44,V_26-44,V_27-44,V_28-44,V_29-44,V_30-44
45,V_1-45,V_2-45,V_3-45,V_4-45,V_5-45,V_6-45,V_7-45,V_8-45,V_9-45,V_10-45,V_11-45,V_12-45,V_13-45,V_14-45,V_15-45,V_16-45,V_17-45,V_18-45,V_19-45,V_20-45,V_21-45,V_22-45,V_23-45,V_24-45,V_25-45,V_26-45,V_27-45,V_28-45,V_29-45,V_30-45
46,V_1-46,V_2-46,V_3-46,V_4-46,V_5-46,V_6-46,V_7-46,V_8-46,V_9-46,V_10-46,V_11-46,V_12-46,V_13-46,V_14-46,V_15-46,V_16-46,V_17-46,V_18-46,V_19-46,V_20-46,V_21-46,V_22-46,V_23-46,V_24-46,V_25-46,V_26-46,V_27-46,V_28-46,V_29-46,V_30-46
47,V_1-47,V_2-47,V_3-47,V_4-47,V_5-47,V_6-47,V_7-47,V_8-47,V_9-47,V_10-47,V_11-47,V_12-47,V_13-47,V_14-47,V_15-47,V_16-47,V_17-47,V_18-47,V_19-47,V_20-47,V_21-47,V_22-47,V_23-47,V_24-47,V_25-47,V_26-47,V_27-47,V_28-47,V_29-47,V_30-47
48,V_1-48,V_2-48,V_3-48,V_4-48,V_5-48,V_6-48,V_7-48,V_8-48,V_9-48,V_10-48,V_11-48,V_12-48,V_13-48,V_14-48,V_15-48,V_16-48,V_17-48,V_18-48,V_19-48,V_20-48,V_21-48,V_22-48,V_23-48,V_24-48,V_25-48,V_26-48,V_27-48,V_28-48,V_29-48,V_30-48
49,V_1-49,V_2-49,V_3-49,V_4-49,V_5-49,V_6-49,V_7-49,V_8-49,V_9-49,V_10-49,V_11-49,V_12-49,V_13-49,V_14-49,V_15-49,V_16-49,V_17-49,V_18-49,V_19-49,V_20-49,V_21-49,V_22-49,V_23-49,V_24-49,V_25-49,V_26-49,V_27-49,V_28-49,V_29-49,V_30-49
50,V_1-50,V_2-50,V_3-50,V_4-50,V_5-50,V_6-50,V_7-50,V_8-50,V_9-50,V_10-50,V_11-50,V_12-50,V_13-50,V_14-50,V_15-50,V_16-50,V_17-50,V_18-50,V_19-50,V_20-50,V_21-50,V_22-50,V_23-50,V_24-50,V_25-50,V_26-50,V_27-50,V_28-50,V_29-50,V_30-50
51,V_1-51,V_2-51,V_3-51,V_4-51,V_5-51,V_6-51,V_7-51,V_8-51,V_9-51,V_10-51,V_11-51,V_12-51,V_13-51,V_14-51,V_15-51,V_16-51,V_17-51,V_18-51,V_19-51,V_20-51,V_21-51,V_22-51,V_23-51,V_24-51,V_25-51,V_26-51,V_27-51,V_28-51,V_29-51,V_30-51
52,V_1-52,V_2-52,V_3-52,V_4-52,V_5-52,V_6-52,V_7-52,V_8-52,V_9-52,V_10-52,V_11-52,V_12-52,V_13-52,V_14-52,V_15-52,V_16-52,V_17-52,V_18-52,V_19-52,V_20-52,V_21-52,V_22-52,V_23-52,V_24-52,V_25-52,V_26-52,V_27-52,V_28-52,V_29-52,V_30-52
53,V_1-53,V_2-53,V_3-53,V_4-53,V_5-53,V_6-53,V_7-53,V_8-53,V_9-53,V_10-53,V_11-53,V_12-53,V_13-53,V_14-53,V_15-53,V_16-53,V_17-53,V_18-53,V_19-53,V_20-53,V_21-53,V_22-53,V_23-53,V_24-53,V_25-53,V_26-53,V_27-53,V_28-53,V_29-53,V_30-53
54,V_1-54,V_2-54,V_3-54,V_4-54,V_5-54,V_6-54,V_7-54,V_8-54,V_9-54,V_10-54,V_11-54,V_12-54,V_13-54,V_14-54,V_15-54,V_16-54,V_17-54,V_18-54,V_19-54,V_20-54,V_21-54,V_22-54,V_23-54,V_24-54,V_25-54,V_26-54,V_27-54,V_28-54,V_29-54,V_30-54
55,V_1-55,V_2-55,V_3-55,V_4-55,V_5-55,V_6-55,V_7-55,V_8-55,V_9-55,V_10-55,V_11-55,V_12-55,V_13-55,V_14-55,V_15-55,V_16-55,V_17-55,V_18-55,V_19-55,V_20-55,V_21-55,V_22-55,V_23-55,V_24-55,V_25-55,V_26-55,V_27-55,V_28-55,V_29-55,V_30-55
56,V_1-56,V_2-56,V_3-56,V_4-56,V_5-56,V_6-56,V_7-56,V_8-56,V_9-56,V_10-56,V_11-56,V_12-56,V_13-56,V_14-56,V_15-56,V_16-56,V_17-56,V_18-56,V_19-56,V_20-56,V_21-56,V_22-56,V_23-56,V_24-56,V_25-56,V_26-56,V_27-56,V_28-56,V_29-56,V_30-56
57,V_1-57,V_2-57,V_3-57,V_4-57,V_5-57,V_6-57,V_7-57,V_8-57,V_9-57,V_10-57,V_11-57,V_12-57,V_13-57,V_14-57,V_15-57,V_16-57,V_17-57,V_18-57,V_19-57,V_20-57,V_21-57,V_22-57,V_23-57,V_24-57,V_25-57,V_26-57,V_27-57,V_28-57,V_29-57,V_30-57
58,V_1-58,V_2-58,V_3-58,V_4-58,V_5-58,V_6-58,V_7-58,V_8-58,V_9-58,V_10-58,V_11-58,V_12-58,V_13-58,V_14-58,V_15-58,V_16-58,V_17-58,V_18-58,V_19-58,V_20-58,V_21-58,V_22-58,V_23-58,V_24-58,V_25-58,V_26-58,V_27-58,V_28-58,V_29-58,V_30-58
59,V_1-59,V_2-59,V_3-59,V_4-59,V_5-59,V_6-59,V_7-59,V_8-59,V_9-59,V_10-59,V_11-59,V_12-59,V_13-59,V_14-59,V_15-59,V_16-59,V_17-59,V_18-59,V_19-59,V_20-59,V_21-59,V_22-59,V_23-59,V_24-59,V_25-59,V_26-59,V_27-59,V_28-59,V_29-59,V_30-59
60,V_1-60,V_2-60,V_3-60,V_4-60,V_5-60,V_6-60,V_7-60,V_8-60,V_9-60,V_10-60,V_11-60,V_12-60,V_13-60,V_14-60,V_15-60,V_16-60,V_17-60,V_18-60,V_19-60,V_20-60,V_21-60,V_22-60,V_23-60,V_24-60,V_25-60,V_26-60,V_27-60,V_28-60,V_29-60,V_30-60
61,V_1-61,V_2-61,V_3-61,V_4-61,V_5-61,V_6-61,V_7-61,V_8-61,V_9-61,V_10-61,V_11-61,V_12-61,V_13-61,V_14-61,V_15-61,V_16-61,V_17-61,V_18-61,V_19-61,V_20-61,V_21-61,V_22-61,V_23-61,V_24-61,V_25-61,V_26-61,V_27-61,V_28-61,V_29-61,V_30-61
62,V_1-62,V_2-62,V_3-62,V_4-62,V_5-62,V_6-62,V_7-62,V_8-62,V_9-62,V_10-62,V_11-62,V_12-62,V_13-62,V_14-62,V_15-62,V_16-62,V_17-62,V_18-62,V_19-62,V_20-62,V_21-62,V_22-62,V_23-62,V_24-62,V_25-62,V_26-62,V_27-62,V_28-62,V_29-62,V_30-62
63,V_1-63,V_2-63,V_3-63,V_4-63,V_5-63,V_6-63,V_7-63,V_8-63,V_9-63,V_10-63,V_11-63,V_12-63,V_13-63,V_14-63,V_15-63,V_16-63,V_17-63,V_18-63,V_19-63,V_20-63,V_21-63,V_22-63,V_23-63,V_24-63,V_25-63,V_26-63,V_27-63,V_28-63,V_29-63,V_30-63
64,V_1-64,V_2-64,V_3-64,V_4-64,V_5-64,V_6-64,V_7-64,V_8-64,V_9-64,V_10-64,V_11-64,V_12-64,V_13-64,V_14-64,V_15-64,V_16-64,V_17-64,V_18-64,V_19-64,V_20-64,V_21-64,V_22-64,V_23-64,V_24-64,V_25-64,V_26-64,V_27-64,V_28-64,V_29-64,V_30-64
65,V_1-65,V_2-65,V_3-65,V_4-65,V_5-65,V_6-65,V_7-65,V_8-65,V_9-65,V_10-65,V_11-65,V_12-65,V_13-65,V_14-65,V_15-65,V_16-65,V_17-65,V_18-65,V_19-65,V_20-65,V_21-65,V_22-65,V_23-65,V_24-65,V_25-65,V_26-65,V_27-65,V_28-65,V_29-65,V_30-65
66,V_1-66,V_2-66,V_3-66,V_4-66,V_5-66,V_6-66,V_7-66,V_8-66,V_9-66,V_10-66,V_11-66,V_12-66,V_13-66,V_14-66,V_15-66,V_16-66,V_17-66,V_18-66,V_19-66,V_20-66,V_21-66,V_22-66,V_23-66,V_24-66,V_25-66,V_26-66,V_27-66,V_28-66,V_29-66,V_30-66
67,V_1-67,V_2-67,V_3-67,V_4-67,V_5-67,V_6-67,V_7-67,V_8-67,V_9-67,V_10-67,V_11-67,V_12-67,V_13-67,V_14-67,V_15-67,V_16-67,V_17-67,V_18-67,V_19-67,V_20-67,V_21-67,V_22-67,V_23-67,V_24-67,V_25-67,V_26-67,V_27-67,V_28-67,V_29-67,V_30-67
68,V_1-68,V_2-68,V_3-68,V_4-68,V_5-68,V_6-68,V_7-68,V_8-68,V_9-68,V_10-68,V_11-68,V_12-68,V_13-68,V_14-68,V_15-68,V_16-68,V_17-68,V_18-68,V_19-68,V_20-68,V_21-68,V_22-68,V_23-68,V_24-68,V_25-68,V_26-68,V_27-68,V_28-68,V_29-68,V_30-68
69,V_1-69,V_2-69,V_3-69,V_4-69,V_5-69,V_6-69,V_7-69,V_8-69,V_9-69,V_10-69,V_11-69,V_12-69,V_13-69,V_14-69,V_15-69,V_16-69,V_17-69,V_18-69,V_19-69,V_20-69,V_21-69,V_22-69,V_23-69,V_24-69,V_25-69,V_26-69,V_27-69,V_28-69,V_29-69,V_30-69
70,V_1-70,V_2-70,V_3-70,V_4-70,V_5-70,V_6-70,V_7-70,V_8-70,V_9-70,V_10-70,V_11-70,V_12-70,V_13-70,V_14-70,V_15-70,V_16-70,V_17-70,V_18-70,V_19-70,V_20-70,V_21-70,V_22-70,V_23-70,V_24-70,V_25-70,V_26-70,V_27-70,V_28-70,V_29-70,V_30-70
71,V_1-71,V_2-71,V_3-71,V_4-71,V_5-71,V_6-71,V_7-71,V_8-71,V_9-71,V_10-71,V_11-71,V_12-71,V_13-71,V_14-71,V_15-71,V_16-71,V_17-71,V_18-71,V_19-71,V_20-71,V_21-71,V_22-71,V_23-71,V_24-71,V_25-71,V_26-71,V_27-71,V_28-71,V_29-71,V_30-71
72,V_1-72,V_2-72,V_3-72,V_4-72,V_5-72,V_6-72,V_7-72,V_8-72,V_9-72,V_10-72,V_11-72,V_12-72,V_13-72,V_14-72,V_15-72,V_16-72,V_17-72,V_18-72,V_19-72,V_20-72,V_21-72,V_22-72,V_23-72,V_24-72,V_25-72,V_26-72,V_27-72,V_28-72,V_29-72,V_30-72
73,V_1-73,V_2-73,V_3-73,V_4-73,V_5-73,V_6-73,V_7-73,V_8-73,V_9-73,V_10-73,V_11-73,V_12-73,V_13-73,V_14-73,V_15-73,V_16-73,V_17-73,V_18-73,V_19-73,V_20-73,V_21-73,V_22-73,V_23-73,V_24-73,V_25-73,V_26-73,V_27-73,V_28-73,V_29-73,V_30-73
74,V_1-74,V_2-74,V_3-74,V_4-74,V_5-74,V_6-74,V_7-74,V_8-74,V_9-74,V_10-74,V_11-74,V_12-74,V_13-74,V_14-74,V_15-74,V_16-74,V_17-74,V_18-74,V_19-74,V_20-74,V_21-74,V_22-74,V_23-74,V_24-74,V_25-74,V_26-74,V_27-74,V_28-74,V_29-74,V_30-74
75,V_1-75,V_2-75,V_3-75,V_4-75,V_5-75,V_6-75,V_7-75,V_8-75,V_9-75,V_10-75,V_11-75,V_12-75,V_13-75,V_14-75,V_15-75,V_16-75,V_17-75,V_18-75,V_19-75,V_20-75,V_21-75,V_22-75,V_23-75,V_24-75,V_25-75,V_26-75,V_27-75,V_28-75,V_29-75,V_30-75
76,V_1-76,V_2-76,V_3-76,V_4-76,V_5-76,V_6-76,V_7-76,V_8-76,V_9-76,V_10-76,V_11-76,V_12-76,V_13-76,V_14-76,V_15-76,V_16-76,V_17-76,V_18-76,V_19-76,V_20-76,V_21-76,V_22-76,V_23-76,V_24-76,V_25-76,V_26-76,V_27-76,V_28-76,V_29-76,V_30-76
77,V_1-77,V_2-77,V_3-77,V_4-77,V_5-77,V_6-77,V_7-77,V_8-77,V_9-77,V_10-77,V_11-77,V_12-77,V_13-77,V_14-77,V_15-77,V_16-77,V_17-77,V_18-77,V_19-77,V_20-77,V_21-77,V_22-77,V_23-77,V_24-77,V_25-77,V_26-77,V_27-77,V_28-77,V_29-77,V_30-77
78,V_1-78,V_2-78,V_3-78,V_4-78,V_5-78,V_6-78,V_7-78,V_8-78,V_9-78,V_10-78,V_11-78,V_12-78,V_13-78,V_14-78,V_15-78,V_16-78,V_17-78,V_18-78,V_19-78,V_20-78,V_21-78,V_22-78,V_23-78,V_24-78,V_25-78,V_26-78,V_27-78,V_28-78,V_29-78,V_30-78
79,V_1-79,V_2-79,V_3-79,V_4-79,V_5-79,V_6-79,V_7-79,V_8-79,V_9-79,V_10-79,V_11-79,V_12-79,V_13-79,V_14-79,V_15-79,V_16-79,V_17-79,V_18-79,V_19-79,V_20-79,V_21-79,V_22-79,V_23-79,V_24-79,V_25-79,V_26-79,V_27-79,V_28-79,V_29-79,V_30-79
80,V_1-80,V_2-80,V_3-80,V_4-80,V_5-80,V_6-80,V_7-80,V_8-80,V_9-80,V_10-80,V_11-80,V_12-80,V_13-80,V_14-80,V_15-80,V_16-80,V_17-80,V_18-80,V_19-80,V_20-80,V_21-80,V_22-80,V_23-80,V_24-80,V_25-80,V_26-80,V_27-80,V_28-80,V_29-80,V_30-80
81,V_1-81,V_2-81,V_3-81,V_4-81,V_5-81,V_6-81,V_7-81,V_8-81,V_9-81,V_10-81,V_11-81,V_12-81,V_13-81,V_14-81,V_15-81,V_16-81,V_17-81,V_18-81,V_19-81,V_20-81,V_21-81,V_22-81,V_23-81,V_24-81,V_25-81,V_26-81,V_27-81,V_28-81,V_29-81,V_30-81
82,V_1-82,V_2-82,V_3-82,V_4-82,V_5-82,V_6-82,V_7-82,V_8-82,V_9-82,V_10-82,V_11-82,V_12-82,V_13-82,V_14-82,V_15-82,V_16-82,V_17-82,V_18-82,V_19-82,V_20-82,V_21-82,V_22-82,V_23-82,V_24-82,V_25-82,V_26-82,V_27-82,V_28-82,V_29-82,V_30-82
83,V_1-83,V_2-83,V_3-83,V_4-83,V_5-83,V_6-83,V_7-83,V_8-83,V_9-83,V_10-83,V_11-83,V_12-83,V_13-83,V_14-83,V_15-83,V_16-83,V_17-83,V_18-83,V_19-83,V_20-83,V_21-83,V_22-83,V_23-83,V_24-83,V_25-83,V_26-83,V_27-83,V_28-83,V_29-83,V_30-83
84,V_1-84,V_2-84,V_3-84,V_4-84,V_5-84,V_6-84,V_7-84,V_8-84,V_9-84,V_10-84,V_11-84,V_12-84,V_13-84,V_14-84,V_15-84,V_16-84,V_17-84,V_18-84,V_19-84,V_20-84,V_21-84,V_22-84,V_23-84,V_24-84,V_25-84,V_26-84,V_27-84,V_28-84,V_29-84,V_30-84
85,V_1-85,V_2-85,V_3-85,V_4-85,V_5-85,V_6-85,V_7-85,V_8-85,V_9-85,V_10-85,V_11-85,V_12-85,V_13-85,V_14-85,V_15-85,V_16-85,V_17-85,V_18-85,V_19-85,V_20-85,V_21-85,V_22-85,V_23-85,V_24-85,V_25-85,V_26-85,V_27-85,V_28-85,V_29-85,V_30-85
86,V_1-86,V_2-86,V_3-86,V_4-86,V_5-86,V_6-86,V_7-86,V_8-86,V_9-86,V_10-86,V_11-86,V_12-86,V_13-86,V_14-86,V_15-86,V_16-86,V_17-86,V_18-86,V_19-86,V_20-86,V_21-86,V_22-86,V_23-86,V_24-86,V_25-86,V_26-86,V_27-86,V_28-86,V_29-86,V_30-86
87,V_1-87,V_2-87,V_3-87,V_4-87,V_5-87,V_6-87,V_7-87,V_8-87,V_9-87,V_10-87,V_11-87,V_12-87,V_13-87,V_14-87,V_15-87,V_16-87,V_17-87,V_18-87,V_19-87,V_20-87,V_21-87,V_22-87,V_23-87,V_24-87,V_25-87,V_26-87,V_27-87,V_28-87,V_29-87,V_30-87
88,V_1-88,V_2-88,V_3-88,V_4-88,V_5-88,V_6-88,V_7-88,V_8-88,V_9-88,V_10-88,V_11-88,V_12-88,V_13-88,V_14-88,V_15-88,V_16-88,V_17-88,V_18-88,V_19-88,V_20-88,V_21-88,V_22-88,V_23-88,V_24-88,V_25-88,V_26-88,V_27-88,V_28-88,V_29-88,V_30-88
89,V_1-89,V_2-89,V_3-89,V_4-89,V_5-89,V_6-89,V_7-89,V_8-89,V_9-89,V_10-89,V_11-89,V_12-89,V_13-89,V_14-89,V_15-89,V_16-89,V_17-89,V_18-89,V_19-89,V_20-89,V_21-89,V_22-89,V_23-89,V_24-89,V_25-89,V_26-89,V_27-89,V_28-89,V_29-89,V_30-89
90,V_1-90,V_2-90,V_3-90,V_4-90,V_5-90,V_6-90,V_7-90,V_8-90,V_9-90,V_10-90,V_11-90,V_12-90,V_13-90,V_14-90,V_15-90,V_16-90,V_17-90,V_18-90,V_19-90,V_20-90,V_21-90,V_22-90,V_23-90,V_24-90,V_25-90,V_26-90,V_27-90,V_28-90,V_29-90,V_30-90
91,V_1-91,V_2-91,V_3-91,V_4-91,V_5-91,V_6-91,V_7-91,V_8-91,V_9-91,V_10-91,V_11-91,V_12-91,V_13-91,V_14-91,V_15-91,V_16-91,V_17-91,V_18-91,V_19-91,V_20-91,V_21-91,V_22-91,V_23-91,V_24-91,V_25-91,V_26-91,V_27-91,V_28-91,V_29-91,V_30-91
92,V_1-92,V_2-92,V_3-92,V_4-92,V_5-92,V_6-92,V_7-92,V_8-92,V_9-92,V_10-92,V_11-92,V_12-92,V_13-92,V_14-92,V_15-92,V_16-92,V_17-92,V_18-92,V_19-92,V_20-92,V_21-92,V_22-92,V_23-92,V_24-92,V_25-92,V_26-92,V_27-92,V_28-92,V_29-92,V_30-92
93,V_1-93,V_2-93,V_3-93,V_4-93,V_5-93,V_6-93,V_7-93,V_8-93,V_9-93,V_10-93,V_11-93,V_12-93,V_13-93,V_14-93,V_15-93,V_16-93,V_17-93,V_18-93,V_19-93,V_20-93,V_21-93,V_22-93,V_23-93,V_24-93,V_25-93,V_26-93,V_27-93,V_28-93,V_29-93,V_30-93
94,V_1-94,V_2-94,V_3-94,V_4-94,V_5-94,V_6-94,V_7-94,V_8-94,V_9-94,V_10-94,V_11-94,V_12-94,V_13-94,V_14-94,V_15-94,V_16-94,V_17-94,V_18-94,V_19-94,V_20-94,V_21-94,V_22-94,V_23-94,V_24-94,V_25-94,V_26-94,V_27-94,V_28-94,V_29-94,V_30-94
95,V_1-95,V_2-95,V_3-95,V_4-95,V_5-95,V_6-95,V_7-95,V_8-95,V_9-95,V_10-95,V_11-95,V_12-95,V_13-95,V_14-95,V_15-95,V_16-95,V_17-95,V_18-95,V_19-95,V_20-95,V_21-95,V_22-95,V_23-95,V_24-95,V_25-95,V_26-95,V_27-95,V_28-95,V_29-95,V_30-95
96,V_1-96,V_2-96,V_3-96,V_4-96,V_5-96,V_6-96,V_7-96,V_8-96,V_9-96,V_10-96,V_11-96,V_12-96,V_13-96,V_14-96,V_15-96,V_16-96,V_17-96,V_18-96,V_19-96,V_20-96,V_21-96,V_22-96,V_23-96,V_24-96,V_25-96,V_26-96,V_27-96,V_28-96,V_29-96,V_30-96
97,V_1-97,V_2-97,V_3-97,V_4-97,V_5-97,V_6-97,V_7-97,V_8-97,V_9-97,V_10-97,V_11-97,V_12-97,V_13-97,V_14-97,V_15-97,V_16-97,V_17-97,V_18-97,V_19-97,V_20-97,V_21-97,V_22-97,V_23-97,V_24-97,V_25-97,V_26-97,V_27-97,V_28-97,V_29-97,V_30-97
98,V_1-98,V_2-98,V_3-98,V_4-98,V_5-98,V_6-98,V_7-98,V_8-98,V_9-98,V_10-98,V_11-98,V_12-98,V_13-98,V_14-98,V_15-98,V_16-98,V_17-98,V_18-98,V_19-98,V_20-98,V_21-98,V_22-98,V_23-98,V_24-98,V_25-98,V_26-98,V_27-98,V_28-98,V_29-98,V_30-98
99,V_1-99,V_2-99,V_3-99,V_4-99,V_5-99,V_6-99,V_7-99,V_8-99,V_9-99,V_10-99,V_11-99,V_12-99,V_13-99,V_14-99,V_15-99,V_16-99,V_17-99,V_18-99,V_19-99,V_20-99,V_21-99,V_22-99,V_23-99,V_24-99,V_25-99,V_26-99,V_27-99,V_28-99,V_29-99,V_30-99
100,V_1-100,V_2-100,V_3-100,V_4-100,V_5-100,V_6-100,V_7-100,V_8-100,V_9-100,V_10-100,V_11-100,V_12-100,V_13-100,V_14-100,V_15-100,V_16-100,V_17-100,V_18-100,V_19-100,V_20-100,V_21-100,V_22-100,V_23-100,V_24-100,V_25-100,V_26-100,V_27-100,V_28-100,V_29-100,V_30-100
101,V_1-101,V_2-101,V_3-101,V_4-101,V_5-101,V_6-101,V_7-101,V_8-101,V_9-101,V_10-101,V_11-101,V_12-101,V_13-101,V_14-101,V_15-101,V_16-101,V_17-101,V_18-101,V_19-101,V_20-101,V_21-101,V_22-101,V_23-101,V_24-101,V_25-101,V_26-101,V_27-101,V_28-101,V_29-101,V_30-101
102,V_1-102,V_2-102,V_3-102,V_4-102,V_5-102,V_6-102,V_7-102,V_8-102,V_9-102,V_10-102,V_11-102,V_12-102,V_13-102,V_14-102,V_15-102,V_16-102,V_17-102,V_18-102,V_19-102,V_20-102,V_21-102,V_22-102,V_23-102,V_24-102,V_25-102,V_26-102,V_27-102,V_28-102,V_29-102,V_30-102
103,V_1-103,V_2-103,V_3-103,V_4-103,V_5-103,V_6-103,V_7-103,V_8-103,V_9-103,V_10-103,V_11-103,V_12-103,V_13-103,V_14-103,V_15-103,V_16-103,V_17-103,V_18-103,V_19-103,V_20-103,V_21-103,V_22-103,V_23-103,V_24-103,V_25-103,V_26-103,V_27-103,V_28-103,V_29-103,V_30-103
