ID,P01,P02,P03,P04
1,V_1-1,V_2-1,V_3-1,V_4-1
2,V_1-2,V_2-2,V_3-2,V_4-2
3,V_1-3,V_2-3,V_3-3,V_4-3
4,V_1-4,V_2-4,V_3-4,V_4-4
5,V_1-5,V_2-5,V_3-5,V_4-5
6,V_1-6,V_2-6,V_3-6,V_4-6
7,V_1-7,V_2-7,V_3-7,V_4-7
8,V_1-8,V_2-8,V_3-8,V_4-8
9,V_1-9,V_2-9,V_3-9,V_4-9
10,V_1-10,V_2-10,V_3-10,V_4-10
11,V_1-11,V_2-11,V_3-11,V_4-11
12,V_1-12,V_2-12,V_3-12,V_4-12
13,V_1-13,V_2-13,V_3-13,V_4-13
14,V_1-14,V_2-14,V_3-14,V_4-14
15,V_1-15,V_2-15,V_3-15,V_4-15
16,V_1-16,V_2-16,V_3-16,V_4-16
17,V_1-17,V_2-17,V_3-17,V_4-17
18,V_1-18,V_2-18,V_3-18,V_4-18
19,V_1-19,V_2-19,V_3-19,V_4-19
20,V_1-20,V_2-20,V_3-20,V_4-20
21,V_1-21,V_2-21,V_3-21,V_4-21
22,V_1-22,V_2-22,V_3-22,V_4-22
23,V_1-23,V_2-23,V_3-23,V_4-23
24,V_1-24,V_2-24,V_3-24,V_4-24
25,V_1-25,V_2-25,V_3-25,V_4-25
26,V_1-26,V_2-26,V_3-26,V_4-26
27,V_1-27,V_2-27,V_3-27,V_4-27
28,V_1-28,V_2-28,V_3-28,V_4-28
29,V_1-29,V_2-29,V_3-29,V_4-29
30,V_1-30,V_2-30,V_3-30,V_4-30
31,V_1-31,V_2-31,V_3-31,V_4-31
32,V_1-32,V_2-32,V_3-32,V_4-32
33,V_1-33,V_2-33,V_3-33,V_4-33
34,V_1-34,V_2-34,V_3-34,V_4-34
35,V_1-35,V_2-35,V_3-35,V_4-35
36,V_1-36,V_2-36,V_3-36,V_4-36
37,V_1-37,V_2-37,V_3-37,V_4-37
38,V_1-38,V_2-38,V_3-38,V_4-38
39,V_1-39,V_2-39,V_3-39,V_4-39
40,V_1-40,V_2-40,V_3-40,V_4-40
41,V_1-41,V_2-41,V_3-41,V_4-41
42,V_1-42,V_2-42,V_3-42,V_4-42
43,V_1-43,V_2-43,V_3-43,V_4-43
44,V_1-44,V_2-44,V_3-44,V_4-44
45,V_1-45,V_2-45,V_3-45,V_4-45
46,V_1-46,V_2-46,V_3-46,V_4-46
47,V_1-47,V_2-47,V_3-47,V_4-47
48,V_1-48,V_2-48,V_3-48,V_4-48
49,V_1-49,V_2-49,V_3-49,V_4-49
50,V_1-50,V_2-50,V_3-50,V_4-50
51,V_1-51,V_2-51,V_3-51,V_4-51
52,V_1-52,V_2-52,V_3-52,V_4-52
53,V_1-53,V_2-53,V_3-53,V_4-53
54,V_1-54,V_2-54,V_3-54,V_4-54
55,V_1-55,V_2-55,V_3-55,V_4-55
56,V_1-56,V_2-56,V_3-56,V_4-56
57,V_1-57,V_2-57,V_3-57,V_4-57
58,V_1-58,V_2-58,V_3-58,V_4-58
59,V_1-59,V_2-59,V_3-59,V_4-59
60,V_1-60,V_2-60,V_3-60,V_4-60
61,V_1-61,V_2-61,V_3-61,V_4-61
62,V_1-62,V_2-62,V_3-62,V_4-62
63,V_1-63,V_2-63,V_3-63,V_4-63
64,V_1-64,V_2-64,V_3-64,V_4-64
65,V_1-65,V_2-65,V_3-65,V_4-65
66,V_1-66,V_2-66,V_3-66,V_4-66
67,V_1-67,V_2-67,V_3-67,V_4-67
68,V_1-68,V_2-68,V_3-68,V_4-68
69,V_1-69,V_2-69,V_3-69,V_4-69
70,V_1-70,V_2-70,V_3-70,V_4-70
71,V_1-71,V_2-71,V_3-71,V_4-71
72,V_1-72,V_2-72,V_3-72,V_4-72
73,V_1-73,V_2-73,V_3-73,V_4-73
74,V_1-74,V_2-74,V_3-74,V_4-74
75,V_1-75,V_2-75,V_3-75,V_4-75
76,V_1-76,V_2-76,V_3-76,V_4-76
77,V_1-77,V_2-77,V_3-77,V_4-77
78,V_1-78,V_2-78,V_3-78,V_4-78
79,V_1-79,V_2-79,V_3-79,V_4-79
80,V_1-80,V_2-80,V_3-80,V_4-80
81,V_1-81,V_2-81,V_3-81,V_4-81
82,V_1-82,V_2-82,V_3-82,V_4-82
83,V_1-83,V_2-83,V_3-83,V_4-83
84,V_1-84,V_2-84,V_3-84,V_4-84
85,V_1-85,V_2-85,V_3-85,V_4-85
86,V_1-86,V_2-86,V_3-86,V_4-86
87,V_1-87,V_2-87,V_3-87,V_4-87
88,V_1-88,V_2-88,V_3-88,V_4-88
89,V_1-89,V_2-89,V_3-89,V_4-89
90,V_1-90,V_2-90,V_3-90,V_4-90
91,V_1-91,V_2-91,V_3-91,V_4-91
92,V_1-92,V_2-92,V_3-92,V_4-92
93,V_1-93,V_2-93,V_3-93,V_4-93
94,V_1-94,V_2-94,V_3-94,V_4-94
95,V_1-95,V_2-95,V_3-95,V_4-95
96,V_1-96,V_2-96,V_3-96,V_4-96
97,V_1-97,V_2-97,V_3-97,V_4-97
98,V_1-98,V_2-98,V_3-98,V_4-98
99,V_1-99,V_2-99,V_3-99,V_4-99
100,V_1-100,V_2-100,V_3-100,V_4-100
101,V_1-101,V_2-101,V_3-101,V_4-101
102,V_1-102,V_2-102,V_3-102,V_4-102
103,V_1-103,V_2-103,V_3-103,V_4-103
104,V_1-104,V_2-104,V_3-104,V_4-104
105,V_1-105,V_2-105,V_3-105,V_4-105
106,V_1-106,V_2-106,V_3-106,V_4-106
107,V_1-107,V_2-107,V_3-107,V_4-107
108,V_1-108,V_2-108,V_3-108,V_4-108
109,V_1-109,V_2-109,V_3-109,V_4-109
110,V_1-110,V_2-110,V_3-110,V_4-110
111,V_1-111,V_2-111,V_3-111,V_4-111
112,V_1-112,V_2-112,V_3-112,V_4-112
113,V_1-113,V_2-113,V_3-113,V_4-113
114,V_1-114,V_2-114,V_3-114,V_4-114
115,V_1-115,V_2-115,V_3-115,V_4-115
116,V_1-116,V_2-116,V_3-116,V_4-116
117,V_1-117,V_2-117,V_3-117,V_4-117
118,V_1-118,V_2-118,V_3-118,V_4-118
119,V_1-119,V_2-119,V_3-119,V_4-119
120,V_1-120,V_2-120,V_3-120,V_4-120
121,V_1-121,V_2-121,V_3-121,V_4-121
122,V_1-122,V_2-122,V_3-122,V_4-122
123,V_1-123,V_2-123,V_3-123,V_4-123
124,V_1-124,V_2-124,V_3-124,V_4-124
125,V_1-125,V_2-125,V_3-125,V_4-125
126,V_1-126,V_2-126,V_3-126,V_4-126
127,V_1-127,V_2-127,V_3-127,V_4-127
128,V_1-128,V_2-128,V_3-128,V_4-128
129,V_1-129,V_2-129,V_3-129,V_4-129
130,V_1-130,V_2-130,V_3-130,V_4-130
131,V_1-131,V_2-131,V_3-131,V_4-131
132,V_1-132,V_2-132,V_3-132,V_4-132
133,V_1-133,V_2-133,V_3-133,V_4-133
134,V_1-134,V_2-134,V_3-134,V_4-134
135,V_1-135,V_2-135,V_3-135,V_4-135
136,V_1-136,V_2-136,V_3-136,V_4-136
137,V_1-137,V_2-137,V_3-137,V_4-137
138,V_1-138,V_2-138,V_3-138,V_4-138
139,V_1-139,V_2-139,V_3-139,V_4-139
140,V_1-140,V_2-140,V_3-140,V_4-140
141,V_1-141,V_2-141,V_3-141,V_4-141
142,V_1-142,V_2-142,V_3-142,V_4-142
143,V_1-143,V_2-143,V_3-143,V_4-143
144,V_1-144,V_2-144,V_3-144,V_4-144
145,V_1-145,V_2-145,V_3-145,V_4-145
146,V_1-146,V_2-146,V_3-146,V_4-146
147,V_1-147,V_2-147,V_3-147,V_4-147
148,V_1-148,V_2-148,V_3-148,V_4-148
149,V_1-149,V_2-149,V_3-149,V_4-149
150,V_1-150,V_2-150,V_3-150,V_4-150
151,V_1-151,V_2-151,V_3-151,V_4-151
152,V_1-152,V_2-152,V_3-152,V_4-152
153,V_1-153,V_2-153,V_3-153,V_4-153
154,V_1-154,V_2-154,V_3-154,V_4-154
155,V_1-155,V_2-155,V_3-155,V_4-155
156,V_1-156,V_2-156,V_3-156,V_4-156
157,V_1-157,V_2-157,V_3-157,V_4-157
158,V_1-158,V_2-158,V_3-158,V_4-158
159,V_1-159,V_2-159,V_3-159,V_4-159
160,V_1-160,V_2-160,V_3-160,V_4-160
161,V_1-161,V_2-161,V_3-161,V_4-161
162,V_1-162,V_2-162,V_3-162,V_4-162
163,V_1-163,V_2-163,V_3-163,V_4-163
164,V_1-164,V_2-164,V_3-164,V_4-164
165,V_1-165,V_2-165,V_3-165,V_4-165
166,V_1-166,V_2-166,V_3-166,V_4-166
167,V_1-167,V_2-167,V_3-167,V_4-167
168,V_1-168,V_2-168,V_3-168,V_4-168
169,V_1-169,V_2-169,V_3-169,V_4-169
170,V_1-170,V_2-170,V_3-170,V_4-170
171,V_1-171,V_2-171,V_3-171,V_4-171
172,V_1-172,V_2-172,V_3-172,V_4-172
173,V_1-173,V_2-173,V_3-173,V_4-173
174,V_1-174,V_2-174,V_3-174,V_4-174
175,V_1-175,V_2-175,V_3-175,V_4-175
176,V_1-176,V_2-176,V_3-176,V_4-176
177,V_1-177,V_2-177,V_3-177,V_4-177
178,V_1-178,V_2-178,V_3-178,V_4-178
179,V_1-179,V_2-179,V_3-179,V_4-179
180,V_1-180,V_2-180,V_3-180,V_4-180
181,V_1-181,V_2-181,V_3-181,V_4-181
182,V_1-182,V_2-182,V_3-182,V_4-182
183,V_1-183,V_2-183,V_3-183,V_4-183
184,V_1-184,V_2-184,V_3-184,V_4-184
185,V_1-185,V_2-185,V_3-185,V_4-185
186,V_1-186,V_2-186,V_3-186,V_4-186
187,V_1-187,V_2-187,V_3-187,V_4-187
188,V_1-188,V_2-188,V_3-188,V_4-188
189,V_1-189,V_2-189,V_3-189,V_4-189
190,V_1-190,V_2-190,V_3-190,V_4-190
191,V_1-191,V_2-191,V_3-191,V_4-191
192,V_1-192,V_2-192,V_3-192,V_4-192
193,V_1-193,V_2-193,V_3-193,V_4-193
194,V_1-194,V_2-194,V_3-194,V_4-194
195,V_1-195,V_2-195,V_3-195,V_4-195
196,V_1-196,V_2-196,V_3-196,V_4-196
197,V_1-197,V_2-197,V_3-197,V_4-197
198,V_1-198,V_2-198,V_3-198,V_4-198
199,V_1-199,V_2-199,V_3-199,V_4-199
200,V_1-200,V_2-200,V_3-200,V_4-200
201,V_1-201,V_2-201,V_3-201,V_4-201
202,V_1-202,V_2-202,V_3-202,V_4-202
203,V_1-203,V_2-203,V_3-203,V_4-203
204,V_1-204,V_2-204,V_3-204,V_4-204
205,V_1-205,V_2-205,V_3-205,V_4-205
206,V_1-206,V_2-206,V_3-206,V_4-206
207,V_1-207,V_2-207,V_3-207,V_4-207
208,V_1-208,V_2-208,V_3-208,V_4-208
209,V_1-209,V_2-209,V_3-209,V_4-209
210,V_1-210,V_2-210,V_3-210,V_4-210
211,V_1-211,V_2-211,V_3-211,V_4-211
212,V_1-212,V_2-212,V_3-212,V_4-212
213,V_1-213,V_2-213,V_3-213,V_4-213
214,V_1-214,V_2-214,V_3-214,V_4-214
215,V_1-215,V_2-215,V_3-215,V_4-215
216,V_1-216,V_2-216,V_3-216,V_4-216
217,V_1-217,V_2-217,V_3-217,V_4-217
218,V_1-218,V_2-218,V_3-218,V_4-218
219,V_1-219,V_2-219,V_3-219,V_4-219
220,V_1-220,V_2-220,V_3-220,V_4-220
221,V_1-221,V_2-221,V_3-221,V_4-221
222,V_1-222,V_2-222,V_3-222,V_4-222
223,V_1-223,V_2-223,V_3-223,V_4-223
224,V_1-224,V_2-224,V_3-224,V_4-224
225,V_1-225,V_2-225,V_3-225,V_4-225
226,V_1-226,V_2-226,V_3-226,V_4-226
227,V_1-227,V_2-227,V_3-227,V_4-227
228,V_1-228,V_2-228,V_3-228,V_4-228
229,V_1-229,V_2-229,V_3-229,V_4-229
230,V_1-230,V_2-230,V_3-230,V_4-230
231,V_1-231,V_2-231,V_3-231,V_4-231
232,V_1-232,V_2-232,V_3-232,V_4-232
233,V_1-233,V_2-233,V_3-233,V_4-233
234,V_1-234,V_2-234,V_3-234,V_4-234
235,V_1-235,V_2-235,V_3-235,V_4-235
236,V_1-236,V_2-236,V_3-236,V_4-236
237,V_1-237,V_2-237,V_3-237,V_4-237
238,V_1-238,V_2-238,V_3-238,V_4-238
239,V_1-239,V_2-239,V_3-239,V_4-239
240,V_1-240,V_2-240,V_3-240,V_4-240
241,V_1-241,V_2-241,V_3-241,V_4-241
242,V_1-242,V_2-242,V_3-242,V_4-242
243,V_1-243,V_2-243,V_3-243,V_4-243
244,V_1-244,V_2-244,V_3-244,V_4-244
245,V_1-245,V_2-245,V_3-245,V_4-245
246,V_1-246,V_2-246,V_3-246,V_4-246
247,V_1-247,V_2-247,V_3-247,V_4-247
248,V_1-248,V_2-248,V_3-248,V_4-248
249,V_1-249,V_2-249,V_3-249,V_4-249
250,V_1-250,V_2-250,V_3-250,V_4-250
251,V_1-251,V_2-251,V_3-251,V_4-251
252,V_1-252,V_2-252,V_3-252,V_4-252
253,V_1-253,V_2-253,V_3-253,V_4-253
254,V_1-254,V_2-254,V_3-254,V_4-254
255,V_1-255,V_2-255,V_3-255,V_4-255
256,V_1-256,V_2-256,V_3-256,V_4-256
257,V_1-257,V_2-257,V_3-257,V_4-257
258,V_1-258,V_2-258,V_3-258,V_4-258
259,V_1-259,V_2-259,V_3-259,V_4-259
260,V_1-260,V_2-260,V_3-260,V_4-260
261,V_1-261,V_2-261,V_3-261,V_4-261
262,V_1-262,V_2-262,V_3-262,V_4-262
263,V_1-263,V_2-263,V_3-263,V_4-263
264,V_1-264,V_2-264,V_3-264,V_4-264
265,V_1-265,V_2-265,V_3-265,V_4-265
266,V_1-266,V_2-266,V_3-266,V_4-266
267,V_1-267,V_2-267,V_3-267,V_4-267
268,V_1-268,V_2-268,V_3-268,V_4-268
269,V_1-269,V_2-269,V_3-269,V_4-269
270,V_1-270,V_2-270,V_3-270,V_4-270
271,V_1-271,V_2-271,V_3-271,V_4-271
272,V_1-272,V_2-272,V_3-272,V_4-272
273,V_1-273,V_2-273,V_3-273,V_4-273
274,V_1-274,V_2-274,V_3-274,V_4-274
275,V_1-275,V_2-275,V_3-275,V_4-275
276,V_1-276,V_2-276,V_3-276,V_4-276
277,V_1-277,V_2-277,V_3-277,V_4-277
278,V_1-278,V_2-278,V_3-278,V_4-278
279,V_1-279,V_2-279,V_3-279,V_4-279
280,V_1-280,V_2-280,V_3-280,V_4-280
281,V_1-281,V_2-281,V_3-281,V_4-281
282,V_1-282,V_2-282,V_3-282,V_4-282
283,V_1-283,V_2-283,V_3-283,V_4-283
284,V_1-284,V_2-284,V_3-284,V_4-284
285,V_1-285,V_2-285,V_3-285,V_4-285
286,V_1-286,V_2-286,V_3-286,V_4-286
287,V_1-287,V_2-287,V_3-287,V_4-287
288,V_1-288,V_2-288,V_3-288,V_4-288
289,V_1-289,V_2-289,V_3-289,V_4-289
290,V_1-290,V_2-290,V_3-290,V_4-290
291,V_1-291,V_2-291,V_3-291,V_4-291
292,V_1-292,V_2-292,V_3-292,V_4-292
293,V_1-293,V_2-293,V_3-293,V_4-293
294,V_1-294,V_2-294,V_3-294,V_4-294
295,V_1-295,V_2-295,V_3-295,V_4-295
296,V_1-296,V_2-296,V_3-296,V_4-296
297,V_1-297,V_2-297,V_3-297,V_4-297
298,V_1-298,V_2-298,V_3-298,V_4-298
299,V_1-299,V_2-299,V_3-299,V_4-299
300,V_1-300,V_2-300,V_3-300,V_4-300
301,V_1-301,V_2-301,V_3-301,V_4-301
302,V_1-302,V_2-302,V_3-302,V_4-302
303,V_1-303,V_2-303,V_3-303,V_4-303
304,V_1-304,V_2-304,V_3-304,V_4-304
305,V_1-305,V_2-305,V_3-305,V_4-305
306,V_1-306,V_2-306,V_3-306,V_4-306
307,V_1-307,V_2-307,V_3-307,V_4-307
308,V_1-308,V_2-308,V_3-308,V_4-308
309,V_1-309,V_2-309,V_3-309,V_4-309
310,V_1-310,V_2-310,V_3-310,V_4-310
311,V_1-311,V_2-311,V_3-311,V_4-311
312,V_1-312,V_2-312,V_3-312,V_4-312
313,V_1-313,V_2-313,V_3-313,V_4-313
314,V_1-314,V_2-314,V_3-314,V_4-314
315,V_1-315,V_2-315,V_3-315,V_4-315
316,V_1-316,V_2-316,V_3-316,V_4-316
317,V_1-317,V_2-317,V_3-317,V_4-317
318,V_1-318,V_2-318,V_3-318,V_4-318
319,V_1-319,V_2-319,V_3-319,V_4-319
320,V_1-320,V_2-320,V_3-320,V_4-320
321,V_1-321,V_2-321,V_3-321,V_4-321
322,V_1-322,V_2-322,V_3-322,V_4-322
323,V_1-323,V_2-323,V_3-323,V_4-323
324,V_1-324,V_2-324,V_3-324,V_4-324
325,V_1-325,V_2-325,V_3-325,V_4-325
326,V_1-326,V_2-326,V_3-326,V_4-326
327,V_1-327,V_2-327,V_3-327,V_4-327
328,V_1-328,V_2-328,V_3-328,V_4-328
329,V_1-329,V_2-329,V_3-329,V_4-329
330,V_1-330,V_2-330,V_3-330,V_4-330
331,V_1-331,V_2-331,V_3-331,V_4-331
332,V_1-332,V_2-332,V_3-332,V_4-332
333,V_1-333,V_2-333,V_3-333,V_4-333
334,V_1-334,V_2-334,V_3-334,V_4-334
335,V_1-335,V_2-335,V_3-335,V_4-335
336,V_1-336,V_2-336,V_3-336,V_4-336
337,V_1-337,V_2-337,V_3-337,V_4-337
338,V_1-338,V_2-338,V_3-338,V_4-338
339,V_1-339,V_2-339,V_3-339,V_4-339
340,V_1-340,V_2-340,V_3-340,V_4-340
341,V_1-341,V_2-341,V_3-341,V_4-341
342,V_1-342,V_2-342,V_3-342,V_4-342
343,V_1-343,V_2-343,V_3-343,V_4-343
344,V_1-344,V_2-344,V_3-344,V_4-344
345,V_1-345,V_2-345,V_3-345,V_4-345
346,V_1-346,V_2-346,V_3-346,V_4-346
347,V_1-347,V_2-347,V_3-347,V_4-347
348,V_1-348,V_2-348,V_3-348,V_4-348
349,V_1-349,V_2-349,V_3-349,V_4-349
350,V_1-350,V_2-350,V_3-350,V_4-350
351,V_1-351,V_2-351,V_3-351,V_4-351
352,V_1-352,V_2-352,V_3-352,V_4-352
353,V_1-353,V_2-353,V_3-353,V_4-353
354,V_1-354,V_2-354,V_3-354,V_4-354
355,V_1-355,V_2-355,V_3-355,V_4-355
356,V_1-356,V_2-356,V_3-356,V_4-356
357,V_1-357,V_2-357,V_3-357,V_4-357
358,V_1-358,V_2-358,V_3-358,V_4-358
359,V_1-359,V_2-359,V_3-359,V_4-359
360,V_1-360,V_2-360,V_3-360,V_4-360
361,V_1-361,V_2-361,V_3-361,V_4-361
362,V_1-362,V_2-362,V_3-362,V_4-362
363,V_1-363,V_2-363,V_3-363,V_4-363
364,V_1-364,V_2-364,V_3-364,V_4-364
365,V_1-365,V_2-365,V_3-365,V_4-365
366,V_1-366,V_2-366,V_3-366,V_4-366
367,V_1-367,V_2-367,V_3-367,V_4-367
368,V_1-368,V_2-368,V_3-368,V_4-368
369,V_1-369,V_2-369,V_3-369,V_4-369
370,V_1-370,V_2-370,V_3-370,V_4-370
371,V_1-371,V_2-371,V_3-371,V_4-371
372,V_1-372,V_2-372,V_3-372,V_4-372
373,V_1-373,V_2-373,V_3-373,V_4-373
374,V_1-374,V_2-374,V_3-374,V_4-374
375,V_1-375,V_2-375,V_3-375,V_4-375
376,V_1-376,V_2-376,V_3-376,V_4-376
377,V_1-377,V_2-377,V_3-377,V_4-377
378,V_1-378,V_2-378,V_3-378,V_4-378
379,V_1-379,V_2-379,V_3-379,V_4-379
380,V_1-380,V_2-380,V_3-380,V_4-380
381,V_1-381,V_2-381,V_3-381,V_4-381
382,V_1-382,V_2-382,V_3-382,V_4-382
383,V_1-383,V_2-383,V_3-383,V_4-383
384,V_1-384,V_2-384,V_3-384,V_4-384
385,V_1-385,V_2-385,V_3-385,V_4-385
386,V_1-386,V_2-386,V_3-386,V_4-386
387,V_1-387,V_2-387,V_3-387,V_4-387
388,V_1-388,V_2-388,V_3-388,V_4-388
389,V_1-389,V_2-389,V_3-389,V_4-389
390,V_1-390,V_2-390,V_3-390,V_4-390
391,V_1-391,V_2-391,V_3-391,V_4-391
392,V_1-392,V_2-392,V_3-392,V_4-392
393,V_1-393,V_2-393,V_3-393,V_4-393
394,V_1-394,V_2-394,V_3-394,V_4-394
395,V_1-395,V_2-395,V_3-395,V_4-395
396,V_1-396,V_2-396,V_3-396,V_4-396
397,V_1-397,V_2-397,V_3-397,V_4-397
398,V_1-398,V_2-398,V_3-398,V_4-398
399,V_1-399,V_2-399,V_3-399,V_4-399
400,V_1-400,V_2-400,V_3-400,V_4-400
401,V_1-401,V_2-401,V_3-401,V_4-401
402,V_1-402,V_2-402,V_3-402,V_4-402
403,V_1-403,V_2-403,V_3-403,V_4-403
404,V_1-404,V_2-404,V_3-404,V_4-404
405,V_1-405,V_2-405,V_3-405,V_4-405
406,V_1-406,V_2-406,V_3-406,V_4-406
407,V_1-407,V_2-407,V_3-407,V_4-407
408,V_1-408,V_2-408,V_3-408,V_4-408
409,V_1-409,V_2-409,V_3-409,V_4-409
410,V_1-410,V_2-410,V_3-410,V_4-410
411,V_1-411,V_2-411,V_3-411,V_4-411
412,V_1-412,V_2-412,V_3-412,V_4-412
413,V_1-413,V_2-413,V_3-413,V_4-413
414,V_1-414,V_2-414,V_3-414,V_4-414
415,V_1-415,V_2-415,V_3-415,V_4-415
416,V_1-416,V_2-416,V_3-416,V_4-416
417,V_1-417,V_2-417,V_3-417,V_4-417
418,V_1-418,V_2-418,V_3-418,V_4-418
419,V_1-419,V_2-419,V_3-419,V_4-419
420,V_1-420,V_2-420,V_3-420,V_4-420
421,V_1-421,V_2-421,V_3-421,V_4-421
422,V_1-422,V_2-422,V_3-422,V_4-422
423,V_1-423,V_2-423,V_3-423,V_4-423
424,V_1-424,V_2-424,V_3-424,V_4-424
425,V_1-425,V_2-425,V_3-425,V_4-425
426,V_1-426,V_2-426,V_3-426,V_4-426
427,V_1-427,V_2-427,V_3-427,V_4-427
428,V_1-428,V_2-428,V_3-428,V_4-428
429,V_1-429,V_2-429,V_3-429,V_4-429
430,V_1-430,V_2-430,V_3-430,V_4-430
431,V_1-431,V_2-431,V_3-431,V_4-431
432,V_1-432,V_2-432,V_3-432,V_4-432
433,V_1-433,V_2-433,V_3-433,V_4-433
434,V_1-434,V_2-434,V_3-434,V_4-434
435,V_1-435,V_2-435,V_3-435,V_4-435
436,V_1-436,V_2-436,V_3-436,V_4-436
437,V_1-437,V_2-437,V_3-437,V_4-437
438,V_1-438,V_2-438,V_3-438,V_4-438
439,V_1-439,V_2-439,V_3-439,V_4-439
440,V_1-440,V_2-440,V_3-440,V_4-440
441,V_1-441,V_2-441,V_3-441,V_4-441
442,V_1-442,V_2-442,V_3-442,V_4-442
443,V_1-443,V_2-443,V_3-443,V_4-443
444,V_1-444,V_2-444,V_3-444,V_4-444
445,V_1-445,V_2-445,V_3-445,V_4-445
446,V_1-446,V_2-446,V_3-446,V_4-446
447,V_1-447,V_2-447,V_3-447,V_4-447
448,V_1-448,V_2-448,V_3-448,V_4-448
449,V_1-449,V_2-449,V_3-449,V_4-449
450,V_1-450,V_2-450,V_3-450,V_4-450
451,V_1-451,V_2-451,V_3-451,V_4-451
452,V_1-452,V_2-452,V_3-452,V_4-452
453,V_1-453,V_2-453,V_3-453,V_4-453
454,V_1-454,V_2-454,V_3-454,V_4-454
455,V_1-455,V_2-455,V_3-455,V_4-455
456,V_1-456,V_2-456,V_3-456,V_4-456
457,V_1-457,V_2-457,V_3-457,V_4-457
458,V_1-458,V_2-458,V_3-458,V_4-458
459,V_1-459,V_2-459,V_3-459,V_4-459
460,V_1-460,V_2-460,V_3-460,V_4-460
461,V_1-461,V_2-461,V_3-461,V_4-461
462,V_1-462,V_2-462,V_3-462,V_4-462
463,V_1-463,V_2-463,V_3-463,V_4-463
464,V_1-464,V_2-464,V_3-464,V_4-464
465,V_1-465,V_2-465,V_3-465,V_4-465
466,V_1-466,V_2-466,V_3-466,V_4-466
467,V_1-467,V_2-467,V_3-467,V_4-467
468,V_1-468,V_2-468,V_3-468,V_4-468
469,V_1-469,V_2-469,V_3-469,V_4-469
470,V_1-470,V_2-470,V_3-470,V_4-470
471,V_1-471,V_2-471,V_3-471,V_4-471
472,V_1-472,V_2-472,V_3-472,V_4-472
473,V_1-473,V_2-473,V_3-473,V_4-473
474,V_1-474,V_2-474,V_3-474,V_4-474
475,V_1-475,V_2-475,V_3-475,V_4-475
476,V_1-476,V_2-476,V_3-476,V_4-476
477,V_1-477,V_2-477,V_3-477,V_4-477
478,V_1-478,V_2-478,V_3-478,V_4-478
479,V_1-479,V_2-479,V_3-479,V_4-479
480,V_1-480,V_2-480,V_3-480,V_4-480
481,V_1-481,V_2-481,V_3-481,V_4-481
482,V_1-482,V_2-482,V_3-482,V_4-482
483,V_1-483,V_2-483,V_3-483,V_4-483
484,V_1-484,V_2-484,V_3-484,V_4-484
485,V_1-485,V_2-485,V_3-485,V_4-485
486,V_1-486,V_2-486,V_3-486,V_4-486
487,V_1-487,V_2-487,V_3-487,V_4-487
488,V_1-488,V_2-488,V_3-488,V_4-488
489,V_1-489,V_2-489,V_3-489,V_4-489
490,V_1-490,V_2-490,V_3-490,V_4-490
491,V_1-491,V_2-491,V_3-491,V_4-491
492,V_1-492,V_2-492,V_3-492,V_4-492
493,V_1-493,V_2-493,V_3-493,V_4-493
494,V_1-494,V_2-494,V_3-494,V_4-494
495,V_1-495,V_2-495,V_3-495,V_4-495
496,V_1-496,V_2-496,V_3-496,V_4-496
497,V_1-497,V_2-497,V_3-497,V_4-497
498,V_1-498,V_2-498,V_3-498,V_4-498
499,V_1-499,V_2-499,V_3-499,V_4-499
500,V_1-500,V_2-500,V_3-500,V_4-500
501,V_1-501,V_2-501,V_3-501,V_4-501
502,V_1-502,V_2-502,V_3-502,V_4-502
503,V_1-503,V_2-503,V_3-503,V_4-503
504,V_1-504,V_2-504,V_3-504,V_4-504
505,V_1-505,V_2-505,V_3-505,V_4-505
506,V_1-506,V_2-506,V_3-506,V_4-506
507,V_1-507,V_2-507,V_3-507,V_4-507
508,V_1-508,V_2-508,V_3-508,V_4-508
509,V_1-509,V_2-509,V_3-509,V_4-509
510,V_1-510,V_2-510,V_3-510,V_4-510
511,V_1-511,V_2-511,V_3-511,V_4-511
512,V_1-512,V_2-512,V_3-512,V_4-512
513,V_1-513,V_2-513,V_3-513,V_4-513
514,V_1-514,V_2-514,V_3-514,V_4-514
515,V_1-515,V_2-515,V_3-515,V_4-515
516,V_1-516,V_2-516,V_3-516,V_4-516
517,V_1-517,V_2-517,V_3-517,V_4-517
518,V_1-518,V_2-518,V_3-518,V_4-518
519,V_1-519,V_2-519,V_3-519,V_4-519
520,V_1-520,V_2-520,V_3-520,V_4-520
521,V_1-521,V_2-521,V_3-521,V_4-521
522,V_1-522,V_2-522,V_3-522,V_4-522
523,V_1-523,V_2-523,V_3-523,V_4-523
524,V_1-524,V_2-524,V_3-524,V_4-524
525,V_1-525,V_2-525,V_3-525,V_4-525
526,V_1-526,V_2-526,V_3-526,V_4-526
527,V_1-527,V_2-527,V_3-527,V_4-527
528,V_1-528,V_2-528,V_3-528,V_4-528
529,V_1-529,V_2-529,V_3-529,V_4-529
530,V_1-530,V_2-530,V_3-530,V_4-530
531,V_1-531,V_2-531,V_3-531,V_4-531
532,V_1-532,V_2-532,V_3-532,V_4-532
533,V_1-533,V_2-533,V_3-533,V_4-533
534,V_1-534,V_2-534,V_3-534,V_4-534
535,V_1-535,V_2-535,V_3-535,V_4-535
536,V_1-536,V_2-536,V_3-536,V_4-536
537,V_1-537,V_2-537,V_3-537,V_4-537
538,V_1-538,V_2-538,V_3-538,V_4-538
539,V_1-539,V_2-539,V_3-539,V_4-539
540,V_1-540,V_2-540,V_3-540,V_4-540
541,V_1-541,V_2-541,V_3-541,V_4-541
542,V_1-542,V_2-542,V_3-542,V_4-542
543,V_1-543,V_2-543,V_3-543,V_4-543
544,V_1-544,V_2-544,V_3-544,V_4-544
545,V_1-545,V_2-545,V_3-545,V_4-545
546,V_1-546,V_2-546,V_3-546,V_4-546
547,V_1-547,V_2-547,V_3-547,V_4-547
548,V_1-548,V_2-548,V_3-548,V_4-548
549,V_1-549,V_2-549,V_3-549,V_4-549
550,V_1-550,V_2-550,V_3-550,V_4-550
551,V_1-551,V_2-551,V_3-551,V_4-551
552,V_1-552,V_2-552,V_3-552,V_4-552
553,V_1-553,V_2-553,V_3-553,V_4-553
554,V_1-554,V_2-554,V_3-554,V_4-554
555,V_1-555,V_2-555,V_3-555,V_4-555
556,V_1-556,V_2-556,V_3-556,V_4-556
557,V_1-557,V_2-557,V_3-557,V_4-557
558,V_1-558,V_2-558,V_3-558,V_4-558
559,V_1-559,V_2-559,V_3-559,V_4-559
560,V_1-560,V_2-560,V_3-560,V_4-560
561,V_1-561,V_2-561,V_3-561,V_4-561
562,V_1-562,V_2-562,V_3-562,V_4-562
563,V_1-563,V_2-563,V_3-563,V_4-563
564,V_1-564,V_2-564,V_3-564,V_4-564
565,V_1-565,V_2-565,V_3-565,V_4-565
566,V_1-566,V_2-566,V_3-566,V_4-566
567,V_1-567,V_2-567,V_3-567,V_4-567
568,V_1-568,V_2-568,V_3-568,V_4-568
569,V_1-569,V_2-569,V_3-569,V_4-569
570,V_1-570,V_2-570,V_3-570,V_4-570
571,V_1-571,V_2-571,V_3-571,V_4-571
572,V_1-572,V_2-572,V_3-572,V_4-572
573,V_1-573,V_2-573,V_3-573,V_4-573
574,V_1-574,V_2-574,V_3-574,V_4-574
575,V_1-575,V_2-575,V_3-575,V_4-575
576,V_1-576,V_2-576,V_3-576,V_4-576
577,V_1-577,V_2-577,V_3-577,V_4-577
578,V_1-578,V_2-578,V_3-578,V_4-578
579,V_1-579,V_2-579,V_3-579,V_4-579
580,V_1-580,V_2-580,V_3-580,V_4-580
581,V_1-581,V_2-581,V_3-581,V_4-581
582,V_1-582,V_2-582,V_3-582,V_4-582
583,V_1-583,V_2-583,V_3-583,V_4-583
584,V_1-584,V_2-584,V_3-584,V_4-584
585,V_1-585,V_2-585,V_3-585,V_4-585
586,V_1-586,V_2-586,V_3-586,V_4-586
587,V_1-587,V_2-587,V_3-587,V_4-587
588,V_1-588,V_2-588,V_3-588,V_4-588
589,V_1-589,V_2-589,V_3-589,V_4-589
590,V_1-590,V_2-590,V_3-590,V_4-590
591,V_1-591,V_2-591,V_3-591,V_4-591
592,V_1-592,V_2-592,V_3-592,V_4-592
593,V_1-593,V_2-593,V_3-593,V_4-593
594,V_1-594,V_2-594,V_3-594,V_4-594
595,V_1-595,V_2-595,V_3-595,V_4-595
596,V_1-596,V_2-596,V_3-596,V_4-596
597,V_1-597,V_2-597,V_3-597,V_4-597
598,V_1-598,V_2-598,V_3-598,V_4-598
599,V_1-599,V_2-599,V_3-599,V_4-599
600,V_1-600,V_2-600,V_3-600,V_4-600
601,V_1-601,V_2-601,V_3-601,V_4-601
602,V_1-602,V_2-602,V_3-602,V_4-602
603,V_1-603,V_2-603,V_3-603,V_4-603
604,V_1-604,V_2-604,V_3-604,V_4-604
605,V_1-605,V_2-605,V_3-605,V_4-605
606,V_1-606,V_2-606,V_3-606,V_4-606
607,V_1-607,V_2-607,V_3-607,V_4-607
608,V_1-608,V_2-608,V_3-608,V_4-608
609,V_1-609,V_2-609,V_3-609,V_4-609
610,V_1-610,V_2-610,V_3-610,V_4-610
611,V_1-611,V_2-611,V_3-611,V_4-611
612,V_1-612,V_2-612,V_3-612,V_4-612
613,V_1-613,V_2-613,V_3-613,V_4-613
614,V_1-614,V_2-614,V_3-614,V_4-614
615,V_1-615,V_2-615,V_3-615,V_4-615
616,V_1-616,V_2-616,V_3-616,V_4-616
617,V_1-617,V_2-617,V_3-617,V_4-617
618,V_1-618,V_2-618,V_3-618,V_4-618
619,V_1-619,V_2-619,V_3-619,V_4-619
620,V_1-620,V_2-620,V_3-620,V_4-620
621,V_1-621,V_2-621,V_3-621,V_4-621
622,V_1-622,V_2-622,V_3-622,V_4-622
623,V_1-623,V_2-623,V_3-623,V_4-623
624,V_1-624,V_2-624,V_3-624,V_4-624
625,V_1-625,V_2-625,V_3-625,V_4-625
626,V_1-626,V_2-626,V_3-626,V_4-626
627,V_1-627,V_2-627,V_3-627,V_4-627
628,V_1-628,V_2-628,V_3-628,V_4-628
629,V_1-629,V_2-629,V_3-629,V_4-629
630,V_1-630,V_2-630,V_3-630,V_4-630
631,V_1-631,V_2-631,V_3-631,V_4-631
632,V_1-632,V_2-632,V_3-632,V_4-632
633,V_1-633,V_2-633,V_3-633,V_4-633
634,V_1-634,V_2-634,V_3-634,V_4-634
635,V_1-635,V_2-635,V_3-635,V_4-635
636,V_1-636,V_2-636,V_3-636,V_4-636
637,V_1-637,V_2-637,V_3-637,V_4-637
638,V_1-638,V_2-638,V_3-638,V_4-638
639,V_1-639,V_2-639,V_3-639,V_4-639
640,V_1-640,V_2-640,V_3-640,V_4-640
641,V_1-641,V_2-641,V_3-641,V_4-641
642,V_1-642,V_2-642,V_3-642,V_4-642
643,V_1-643,V_2-643,V_3-643,V_4-643
644,V_1-644,V_2-644,V_3-644,V_4-644
645,V_1-645,V_2-645,V_3-645,V_4-645
646,V_1-646,V_2-646,V_3-646,V_4-646
647,V_1-647,V_2-647,V_3-647,V_4-647
648,V_1-648,V_2-648,V_3-648,V_4-648
649,V_1-649,V_2-649,V_3-649,V_4-649
650,V_1-650,V_2-650,V_3-650,V_4-650
651,V_1-651,V_2-651,V_3-651,V_4-651
652,V_1-652,V_2-652,V_3-652,V_4-652
653,V_1-653,V_2-653,V_3-653,V_4-653
654,V_1-654,V_2-654,V_3-654,V_4-654
655,V_1-655,V_2-655,V_3-655,V_4-655
656,V_1-656,V_2-656,V_3-656,V_4-656
657,V_1-657,V_2-657,V_3-657,V_4-657
658,V_1-658,V_2-658,V_3-658,V_4-658
659,V_1-659,V_2-659,V_3-659,V_4-659
660,V_1-660,V_2-660,V_3-660,V_4-660
661,V_1-661,V_2-661,V_3-661,V_4-661
662,V_1-662,V_2-662,V_3-662,V_4-662
663,V_1-663,V_2-663,V_3-663,V_4-663
664,V_1-664,V_2-664,V_3-664,V_4-664
665,V_1-665,V_2-665,V_3-665,V_4-665
666,V_1-666,V_2-666,V_3-666,V_4-666
667,V_1-667,V_2-667,V_3-667,V_4-667
668,V_1-668,V_2-668,V_3-668,V_4-668
669,V_1-669,V_2-669,V_3-669,V_4-669
670,V_1-670,V_2-670,V_3-670,V_4-670
671,V_1-671,V_2-671,V_3-671,V_4-671
672,V_1-672,V_2-672,V_3-672,V_4-672
673,V_1-673,V_2-673,V_3-673,V_4-673
674,V_1-674,V_2-674,V_3-674,V_4-674
675,V_1-675,V_2-675,V_3-675,V_4-675
676,V_1-676,V_2-676,V_3-676,V_4-676
677,V_1-677,V_2-677,V_3-677,V_4-677
678,V_1-678,V_2-678,V_3-678,V_4-678
679,V_1-679,V_2-679,V_3-679,V_4-679
680,V_1-680,V_2-680,V_3-680,V_4-680
681,V_1-681,V_2-681,V_3-681,V_4-681
682,V_1-682,V_2-682,V_3-682,V_4-682
683,V_1-683,V_2-683,V_3-683,V_4-683
684,V_1-684,V_2-684,V_3-684,V_4-684
685,V_1-685,V_2-685,V_3-685,V_4-685
686,V_1-686,V_2-686,V_3-686,V_4-686
687,V_1-687,V_2-687,V_3-687,V_4-687
688,V_1-688,V_2-688,V_3-688,V_4-688
689,V_1-689,V_2-689,V_3-689,V_4-689
690,V_1-690,V_2-690,V_3-690,V_4-690
691,V_1-691,V_2-691,V_3-691,V_4-691
692,V_1-692,V_2-692,V_3-692,V_4-692
693,V_1-693,V_2-693,V_3-693,V_4-693
694,V_1-694,V_2-694,V_3-694,V_4-694
695,V_1-695,V_2-695,V_3-695,V_4-695
696,V_1-696,V_2-696,V_3-696,V_4-696
697,V_1-697,V_2-697,V_3-697,V_4-697
698,V_1-698,V_2-698,V_3-698,V_4-698
699,V_1-699,V_2-699,V_3-699,V_4-699
700,V_1-700,V_2-700,V_3-700,V_4-700
701,V_1-701,V_2-701,V_3-701,V_4-701
702,V_1-702,V_2-702,V_3-702,V_4-702
703,V_1-703,V_2-703,V_3-703,V_4-703
704,V_1-704,V_2-704,V_3-704,V_4-704
705,V_1-705,V_2-705,V_3-705,V_4-705
706,V_1-706,V_2-706,V_3-706,V_4-706
707,V_1-707,V_2-707,V_3-707,V_4-707
708,V_1-708,V_2-708,V_3-708,V_4-708
709,V_1-709,V_2-709,V_3-709,V_4-709
710,V_1-710,V_2-710,V_3-710,V_4-710
711,V_1-711,V_2-711,V_3-711,V_4-711
712,V_1-712,V_2-712,V_3-712,V_4-712
713,V_1-713,V_2-713,V_3-713,V_4-713
714,V_1-714,V_2-714,V_3-714,V_4-714
715,V_1-715,V_2-715,V_3-715,V_4-715
716,V_1-716,V_2-716,V_3-716,V_4-716
717,V_1-717,V_2-717,V_3-717,V_4-717
718,V_1-718,V_2-718,V_3-718,V_4-718
719,V_1-719,V_2-719,V_3-719,V_4-719
720,V_1-720,V_2-720,V_3-720,V_4-720
721,V_1-721,V_2-721,V_3-721,V_4-721
722,V_1-722,V_2-722,V_3-722,V_4-722
723,V_1-723,V_2-723,V_3-723,V_4-723
724,V_1-724,V_2-724,V_3-724,V_4-724
725,V_1-725,V_2-725,V_3-725,V_4-725
726,V_1-726,V_2-726,V_3-726,V_4-726
727,V_1-727,V_2-727,V_3-727,V_4-727
728,V_1-728,V_2-728,V_3-728,V_4-728
729,V_1-729,V_2-729,V_3-729,V_4-729
730,V_1-730,V_2-730,V_3-730,V_4-730
731,V_1-731,V_2-731,V_3-731,V_4-731
732,V_1-732,V_2-732,V_3-732,V_4-732
733,V_1-733,V_2-733,V_3-733,V_4-733
734,V_1-734,V_2-734,V_3-734,V_4-734
735,V_1-735,V_2-735,V_3-735,V_4-735
736,V_1-736,V_2-736,V_3-736,V_4-736
737,V_1-737,V_2-737,V_3-737,V_4-737
738,V_1-738,V_2-738,V_3-738,V_4-738
739,V_1-739,V_2-739,V_3-739,V_4-739
740,V_1-740,V_2-740,V_3-740,V_4-740
741,V_1-741,V_2-741,V_3-741,V_4-741
742,V_1-742,V_2-742,V_3-742,V_4-742
743,V_1-743,V_2-743,V_3-743,V_4-743
744,V_1-744,V_2-744,V_3-744,V_4-744
745,V_1-745,V_2-745,V_3-745,V_4-745
746,V_1-746,V_2-746,V_3-746,V_4-746
747,V_1-747,V_2-747,V_3-747,V_4-747
748,V_1-748,V_2-748,V_3-748,V_4-748
749,V_1-749,V_2-749,V_3-749,V_4-749
750,V_1-750,V_2-750,V_3-750,V_4-750
751,V_1-751,V_2-751,V_3-751,V_4-751
752,V_1-752,V_2-752,V_3-752,V_4-752
753,V_1-753,V_2-753,V_3-753,V_4-753
754,V_1-754,V_2-754,V_3-754,V_4-754
755,V_1-755,V_2-755,V_3-755,V_4-755
756,V_1-756,V_2-756,V_3-756,V_4-756
757,V_1-757,V_2-757,V_3-757,V_4-757
758,V_1-758,V_2-758,V_3-758,V_4-758
759,V_1-759,V_2-759,V_3-759,V_4-759
760,V_1-760,V_2-760,V_3-760,V_4-760
761,V_1-761,V_2-761,V_3-761,V_4-761
762,V_1-762,V_2-762,V_3-762,V_4-762
763,V_1-763,V_2-763,V_3-763,V_4-763
764,V_1-764,V_2-764,V_3-764,V_4-764
765,V_1-765,V_2-765,V_3-765,V_4-765
766,V_1-766,V_2-766,V_3-766,V_4-766
767,V_1-767,V_2-767,V_3-767,V_4-767
768,V_1-768,V_2-768,V_3-768,V_4-768
769,V_1-769,V_2-769,V_3-769,V_4-769
770,V_1-770,V_2-770,V_3-770,V_4-770
771,V_1-771,V_2-771,V_3-771,V_4-771
772,V_1-772,V_2-772,V_3-772,V_4-772
773,V_1-773,V_2-773,V_3-773,V_4-773
774,V_1-774,V_2-774,V_3-774,V_4-774
775,V_1-775,V_2-775,V_3-775,V_4-775
776,V_1-776,V_2-776,V_3-776,V_4-776
777,V_1-777,V_2-777,V_3-777,V_4-777
778,V_1-778,V_2-778,V_3-778,V_4-778
779,V_1-779,V_2-779,V_3-779,V_4-779
780,V_1-780,V_2-780,V_3-780,V_4-780
781,V_1-781,V_2-781,V_3-781,V_4-781
782,V_1-782,V_2-782,V_3-782,V_4-782
783,V_1-783,V_2-783,V_3-783,V_4-783
784,V_1-784,V_2-784,V_3-784,V_4-784
785,V_1-785,V_2-785,V_3-785,V_4-785
786,V_1-786,V_2-786,V_3-786,V_4-786
787,V_1-787,V_2-787,V_3-787,V_4-787
788,V_1-788,V_2-788,V_3-788,V_4-788
789,V_1-789,V_2-789,V_3-789,V_4-789
790,V_1-790,V_2-790,V_3-790,V_4-790
791,V_1-791,V_2-791,V_3-791,V_4-791
792,V_1-792,V_2-792,V_3-792,V_4-792
793,V_1-793,V_2-793,V_3-793,V_4-793
794,V_1-794,V_2-794,V_3-794,V_4-794
795,V_1-795,V_2-795,V_3-795,V_4-795
796,V_1-796,V_2-796,V_3-796,V_4-796
797,V_1-797,V_2-797,V_3-797,V_4-797
798,V_1-798,V_2-798,V_3-798,V_4-798
799,V_1-799,V_2-799,V_3-799,V_4-799
800,V_1-800,V_2-800,V_3-800,V_4-800
801,V_1-801,V_2-801,V_3-801,V_4-801
802,V_1-802,V_2-802,V_3-802,V_4-802
803,V_1-803,V_2-803,V_3-803,V_4-803
804,V_1-804,V_2-804,V_3-804,V_4-804
805,V_1-805,V_2-805,V_3-805,V_4-805
806,V_1-806,V_2-806,V_3-806,V_4-806
807,V_1-807,V_2-807,V_3-807,V_4-807
808,V_1-808,V_2-808,V_3-808,V_4-808
809,V_1-809,V_2-809,V_3-809,V_4-809
810,V_1-810,V_2-810,V_3-810,V_4-810
811,V_1-811,V_2-811,V_3-811,V_4-811
812,V_1-812,V_2-812,V_3-812,V_4-812
813,V_1-813,V_2-813,V_3-813,V_4-813
814,V_1-814,V_2-814,V_3-814,V_4-814
815,V_1-815,V_2-815,V_3-815,V_4-815
816,V_1-816,V_2-816,V_3-816,V_4-816
817,V_1-817,V_2-817,V_3-817,V_4-817
818,V_1-818,V_2-818,V_3-818,V_4-818
819,V_1-819,V_2-819,V_3-819,V_4-819
820,V_1-820,V_2-820,V_3-820,V_4-820
821,V_1-821,V_2-821,V_3-821,V_4-821
822,V_1-822,V_2-822,V_3-822,V_4-822
823,V_1-823,V_2-823,V_3-823,V_4-823
824,V_1-824,V_2-824,V_3-824,V_4-824
825,V_1-825,V_2-825,V_3-825,V_4-825
826,V_1-826,V_2-826,V_3-826,V_4-826
827,V_1-827,V_2-827,V_3-827,V_4-827
828,V_1-828,V_2-828,V_3-828,V_4-828
829,V_1-829,V_2-829,V_3-829,V_4-829
830,V_1-830,V_2-830,V_3-830,V_4-830
831,V_1-831,V_2-831,V_3-831,V_4-831
832,V_1-832,V_2-832,V_3-832,V_4-832
833,V_1-833,V_2-833,V_3-833,V_4-833
834,V_1-834,V_2-834,V_3-834,V_4-834
835,V_1-835,V_2-835,V_3-835,V_4-835
836,V_1-836,V_2-836,V_3-836,V_4-836
837,V_1-837,V_2-837,V_3-837,V_4-837
838,V_1-838,V_2-838,V_3-838,V_4-838
839,V_1-839,V_2-839,V_3-839,V_4-839
840,V_1-840,V_2-840,V_3-840,V_4-840
841,V_1-841,V_2-841,V_3-841,V_4-841
842,V_1-842,V_2-842,V_3-842,V_4-842
843,V_1-843,V_2-843,V_3-843,V_4-843
844,V_1-844,V_2-844,V_3-844,V_4-844
845,V_1-845,V_2-845,V_3-845,V_4-845
846,V_1-846,V_2-846,V_3-846,V_4-846
847,V_1-847,V_2-847,V_3-847,V_4-847
848,V_1-848,V_2-848,V_3-848,V_4-848
849,V_1-849,V_2-849,V_3-849,V_4-849
850,V_1-850,V_2-850,V_3-850,V_4-850
851,V_1-851,V_2-851,V_3-851,V_4-851
852,V_1-852,V_2-852,V_3-852,V_4-852
853,V_1-853,V_2-853,V_3-853,V_4-853
854,V_1-854,V_2-854,V_3-854,V_4-854
855,V_1-855,V_2-855,V_3-855,V_4-855
856,V_1-856,V_2-856,V_3-856,V_4-856
857,V_1-857,V_2-857,V_3-857,V_4-857
858,V_1-858,V_2-858,V_3-858,V_4-858
859,V_1-859,V_2-859,V_3-859,V_4-859
860,V_1-860,V_2-860,V_3-860,V_4-860
861,V_1-861,V_2-861,V_3-861,V_4-861
862,V_1-862,V_2-862,V_3-862,V_4-862
863,V_1-863,V_2-863,V_3-863,V_4-863
864,V_1-864,V_2-864,V_3-864,V_4-864
865,V_1-865,V_2-865,V_3-865,V_4-865
866,V_1-866,V_2-866,V_3-866,V_4-866
867,V_1-867,V_2-867,V_3-867,V_4-867
868,V_1-868,V_2-868,V_3-868,V_4-868
869,V_1-869,V_2-869,V_3-869,V_4-869
870,V_1-870,V_2-870,V_3-870,V_4-870
871,V_1-871,V_2-871,V_3-871,V_4-871
872,V_1-872,V_2-872,V_3-872,V_4-872
873,V_1-873,V_2-873,V_3-873,V_4-873
874,V_1-874,V_2-874,V_3-874,V_4-874
875,V_1-875,V_2-875,V_3-875,V_4-875
876,V_1-876,V_2-876,V_3-876,V_4-876
877,V_1-877,V_2-877,V_3-877,V_4-877
878,V_1-878,V_2-878,V_3-878,V_4-878
879,V_1-879,V_2-879,V_3-879,V_4-879
880,V_1-880,V_2-880,V_3-880,V_4-880
881,V_1-881,V_2-881,V_3-881,V_4-881
882,V_1-882,V_2-882,V_3-882,V_4-882
883,V_1-883,V_2-883,V_3-883,V_4-883
884,V_1-884,V_2-884,V_3-884,V_4-884
885,V_1-885,V_2-885,V_3-885,V_4-885
886,V_1-886,V_2-886,V_3-886,V_4-886
887,V_1-887,V_2-887,V_3-887,V_4-887
888,V_1-888,V_2-888,V_3-888,V_4-888
889,V_1-889,V_2-889,V_3-889,V_4-889
890,V_1-890,V_2-890,V_3-890,V_4-890
891,V_1-891,V_2-891,V_3-891,V_4-891
892,V_1-892,V_2-892,V_3-892,V_4-892
893,V_1-893,V_2-893,V_3-893,V_4-893
894,V_1-894,V_2-894,V_3-894,V_4-894
895,V_1-895,V_2-895,V_3-895,V_4-895
896,V_1-896,V_2-896,V_3-896,V_4-896
897,V_1-897,V_2-897,V_3-897,V_4-897
898,V_1-898,V_2-898,V_3-898,V_4-898
899,V_1-899,V_2-899,V_3-899,V_4-899
900,V_1-900,V_2-900,V_3-900,V_4-900
901,V_1-901,V_2-901,V_3-901,V_4-901
902,V_1-902,V_2-902,V_3-902,V_4-902
903,V_1-903,V_2-903,V_3-903,V_4-903
904,V_1-904,V_2-904,V_3-904,V_4-904
905,V_1-905,V_2-905,V_3-905,V_4-905
906,V_1-906,V_2-906,V_3-906,V_4-906
907,V_1-907,V_2-907,V_3-907,V_4-907
908,V_1-908,V_2-908,V_3-908,V_4-908
909,V_1-909,V_2-909,V_3-909,V_4-909
910,V_1-910,V_2-910,V_3-910,V_4-910
911,V_1-911,V_2-911,V_3-911,V_4-911
912,V_1-912,V_2-912,V_3-912,V_4-912
913,V_1-913,V_2-913,V_3-913,V_4-913
914,V_1-914,V_2-914,V_3-914,V_4-914
915,V_1-915,V_2-915,V_3-915,V_4-915
916,V_1-916,V_2-916,V_3-916,V_4-916
917,V_1-917,V_2-917,V_3-917,V_4-917
918,V_1-918,V_2-918,V_3-918,V_4-918
919,V_1-919,V_2-919,V_3-919,V_4-919
920,V_1-920,V_2-920,V_3-920,V_4-920
921,V_1-921,V_2-921,V_3-921,V_4-921
922,V_1-922,V_2-922,V_3-922,V_4-922
923,V_1-923,V_2-923,V_3-923,V_4-923
924,V_1-924,V_2-924,V_3-924,V_4-924
925,V_1-925,V_2-925,V_3-925,V_4-925
926,V_1-926,V_2-926,V_3-926,V_4-926
927,V_1-927,V_2-927,V_3-927,V_4-927
928,V_1-928,V_2-928,V_3-928,V_4-928
929,V_1-929,V_2-929,V_3-929,V_4-929
930,V_1-930,V_2-930,V_3-930,V_4-930
931,V_1-931,V_2-931,V_3-931,V_4-931
932,V_1-932,V_2-932,V_3-932,V_4-932
933,V_1-933,V_2-933,V_3-933,V_4-933
934,V_1-934,V_2-934,V_3-934,V_4-934
935,V_1-935,V_2-935,V_3-935,V_4-935
936,V_1-936,V_2-936,V_3-936,V_4-936
937,V_1-937,V_2-937,V_3-937,V_4-937
938,V_1-938,V_2-938,V_3-938,V_4-938
939,V_1-939,V_2-939,V_3-939,V_4-939
940,V_1-940,V_2-940,V_3-940,V_4-940
941,V_1-941,V_2-941,V_3-941,V_4-941
942,V_1-942,V_2-942,V_3-942,V_4-942
943,V_1-943,V_2-943,V_3-943,V_4-943
944,V_1-944,V_2-944,V_3-944,V_4-944
945,V_1-945,V_2-945,V_3-945,V_4-945
946,V_1-946,V_2-946,V_3-946,V_4-946
947,V_1-947,V_2-947,V_3-947,V_4-947
948,V_1-948,V_2-948,V_3-948,V_4-948
949,V_1-949,V_2-949,V_3-949,V_4-949
950,V_1-950,V_2-950,V_3-950,V_4-950
951,V_1-951,V_2-951,V_3-951,V_4-951
952,V_1-952,V_2-952,V_3-952,V_4-952
953,V_1-953,V_2-953,V_3-953,V_4-953
954,V_1-954,V_2-954,V_3-954,V_4-954
955,V_1-955,V_2-955,V_3-955,V_4-955
956,V_1-956,V_2-956,V_3-956,V_4-956
957,V_1-957,V_2-957,V_3-957,V_4-957
958,V_1-958,V_2-958,V_3-958,V_4-958
959,V_1-959,V_2-959,V_3-959,V_4-959
960,V_1-960,V_2-960,V_3-960,V_4-960
961,V_1-961,V_2-961,V_3-961,V_4-961
962,V_1-962,V_2-962,V_3-962,V_4-962
963,V_1-963,V_2-963,V_3-963,V_4-963
964,V_1-964,V_2-964,V_3-964,V_4-964
965,V_1-965,V_2-965,V_3-965,V_4-965
966,V_1-966,V_2-966,V_3-966,V_4-966
967,V_1-967,V_2-967,V_3-967,V_4-967
968,V_1-968,V_2-968,V_3-968,V_4-968
969,V_1-969,V_2-969,V_3-969,V_4-969
970,V_1-970,V_2-970,V_3-970,V_4-970
971,V_1-971,V_2-971,V_3-971,V_4-971
972,V_1-972,V_2-972,V_3-972,V_4-972
973,V_1-973,V_2-973,V_3-973,V_4-973
974,V_1-974,V_2-974,V_3-974,V_4-974
975,V_1-975,V_2-975,V_3-975,V_4-975
976,V_1-976,V_2-976,V_3-976,V_4-976
977,V_1-977,V_2-977,V_3-977,V_4-977
978,V_1-978,V_2-978,V_3-978,V_4-978
979,V_1-979,V_2-979,V_3-979,V_4-979
980,V_1-980,V_2-980,V_3-980,V_4-980
981,V_1-981,V_2-981,V_3-981,V_4-981
982,V_1-982,V_2-982,V_3-982,V_4-982
983,V_1-983,V_2-983,V_3-983,V_4-983
984,V_1-984,V_2-984,V_3-984,V_4-984
985,V_1-985,V_2-985,V_3-985,V_4-985
986,V_1-986,V_2-986,V_3-986,V_4-986
987,V_1-987,V_2-987,V_3-987,V_4-987
988,V_1-988,V_2-988,V_3-988,V_4-988
989,V_1-989,V_2-989,V_3-989,V_4-989
990,V_1-990,V_2-990,V_3-990,V_4-990
991,V_1-991,V_2-991,V_3-991,V_4-991
992,V_1-992,V_2-992,V_3-992,V_4-992
993,V_1-993,V_2-993,V_3-993,V_4-993
994,V_1-994,V_2-994,V_3-994,V_4-994
995,V_1-995,V_2-995,V_3-995,V_4-995
996,V_1-996,V_2-996,V_3-996,V_4-996
997,V_1-997,V_2-997,V_3-997,V_4-997
998,V_1-998,V_2-998,V_3-998,V_4-998
999,V_1-999,V_2-999,V_3-999,V_4-999
1000,V_1-1000,V_2-1000,V_3-1000,V_4-1000
